role_id,model_type,model_id
1,App\Models\Entities\AdminUser,1
2,App\Models\Entities\AdminUser,2
3,App\Models\Entities\AdminUser,3
2,App\Models\Entities\AdminUser,4
3,App\Models\Entities\AdminUser,5
2,App\Models\Entities\AdminUser,6
3,App\Models\Entities\AdminUser,7
2,App\Models\Entities\AdminUser,8
3,App\Models\Entities\AdminUser,9
2,App\Models\Entities\AdminUser,10
3,App\Models\Entities\AdminUser,11
2,App\Models\Entities\AdminUser,12
3,App\Models\Entities\AdminUser,13
2,App\Models\Entities\AdminUser,14
3,App\Models\Entities\AdminUser,15
2,App\Models\Entities\AdminUser,16
3,App\Models\Entities\AdminUser,17
2,App\Models\Entities\AdminUser,18
3,App\Models\Entities\AdminUser,19
2,App\Models\Entities\AdminUser,20
3,App\Models\Entities\AdminUser,21
2,App\Models\Entities\AdminUser,22
3,App\Models\Entities\AdminUser,23
2,App\Models\Entities\AdminUser,24
3,App\Models\Entities\AdminUser,25
2,App\Models\Entities\AdminUser,26
3,App\Models\Entities\AdminUser,27
2,App\Models\Entities\AdminUser,28
3,App\Models\Entities\AdminUser,29
2,App\Models\Entities\AdminUser,30
3,App\Models\Entities\AdminUser,31
2,App\Models\Entities\AdminUser,32
3,App\Models\Entities\AdminUser,33
2,App\Models\Entities\AdminUser,34
3,App\Models\Entities\AdminUser,35
2,App\Models\Entities\AdminUser,36
3,App\Models\Entities\AdminUser,37
2,App\Models\Entities\AdminUser,38
3,App\Models\Entities\AdminUser,39
2,App\Models\Entities\AdminUser,40
3,App\Models\Entities\AdminUser,41
2,App\Models\Entities\AdminUser,42
3,App\Models\Entities\AdminUser,43
2,App\Models\Entities\AdminUser,44
3,App\Models\Entities\AdminUser,45
2,App\Models\Entities\AdminUser,46
3,App\Models\Entities\AdminUser,47
2,App\Models\Entities\AdminUser,48
3,App\Models\Entities\AdminUser,49
2,App\Models\Entities\AdminUser,50
3,App\Models\Entities\AdminUser,51
2,App\Models\Entities\AdminUser,52
3,App\Models\Entities\AdminUser,53
2,App\Models\Entities\AdminUser,54
3,App\Models\Entities\AdminUser,55
2,App\Models\Entities\AdminUser,56
3,App\Models\Entities\AdminUser,57
2,App\Models\Entities\AdminUser,58
3,App\Models\Entities\AdminUser,59
2,App\Models\Entities\AdminUser,60
3,App\Models\Entities\AdminUser,61
2,App\Models\Entities\AdminUser,62
3,App\Models\Entities\AdminUser,63
2,App\Models\Entities\AdminUser,64
3,App\Models\Entities\AdminUser,65
2,App\Models\Entities\AdminUser,66
3,App\Models\Entities\AdminUser,67
2,App\Models\Entities\AdminUser,68
3,App\Models\Entities\AdminUser,69
2,App\Models\Entities\AdminUser,70
3,App\Models\Entities\AdminUser,71
2,App\Models\Entities\AdminUser,72
3,App\Models\Entities\AdminUser,73
2,App\Models\Entities\AdminUser,74
3,App\Models\Entities\AdminUser,75
2,App\Models\Entities\AdminUser,76
3,App\Models\Entities\AdminUser,77
2,App\Models\Entities\AdminUser,78
3,App\Models\Entities\AdminUser,79
2,App\Models\Entities\AdminUser,80
3,App\Models\Entities\AdminUser,81
2,App\Models\Entities\AdminUser,82
3,App\Models\Entities\AdminUser,83
2,App\Models\Entities\AdminUser,84
3,App\Models\Entities\AdminUser,85
2,App\Models\Entities\AdminUser,86
3,App\Models\Entities\AdminUser,87
2,App\Models\Entities\AdminUser,88
3,App\Models\Entities\AdminUser,89
2,App\Models\Entities\AdminUser,90
3,App\Models\Entities\AdminUser,91
2,App\Models\Entities\AdminUser,92
3,App\Models\Entities\AdminUser,93
2,App\Models\Entities\AdminUser,94
3,App\Models\Entities\AdminUser,95
2,App\Models\Entities\AdminUser,96
3,App\Models\Entities\AdminUser,97
2,App\Models\Entities\AdminUser,98
3,App\Models\Entities\AdminUser,99
2,App\Models\Entities\AdminUser,100
3,App\Models\Entities\AdminUser,101
2,App\Models\Entities\AdminUser,102
3,App\Models\Entities\AdminUser,103
2,App\Models\Entities\AdminUser,104
3,App\Models\Entities\AdminUser,105
2,App\Models\Entities\AdminUser,106
3,App\Models\Entities\AdminUser,107
2,App\Models\Entities\AdminUser,108
3,App\Models\Entities\AdminUser,109
2,App\Models\Entities\AdminUser,110
3,App\Models\Entities\AdminUser,111
2,App\Models\Entities\AdminUser,112
3,App\Models\Entities\AdminUser,113
2,App\Models\Entities\AdminUser,114
3,App\Models\Entities\AdminUser,115
2,App\Models\Entities\AdminUser,116
3,App\Models\Entities\AdminUser,117
2,App\Models\Entities\AdminUser,118
3,App\Models\Entities\AdminUser,119
2,App\Models\Entities\AdminUser,120
3,App\Models\Entities\AdminUser,121
2,App\Models\Entities\AdminUser,122
3,App\Models\Entities\AdminUser,123
2,App\Models\Entities\AdminUser,124
3,App\Models\Entities\AdminUser,125
2,App\Models\Entities\AdminUser,126
3,App\Models\Entities\AdminUser,127
2,App\Models\Entities\AdminUser,128
3,App\Models\Entities\AdminUser,129
2,App\Models\Entities\AdminUser,130
3,App\Models\Entities\AdminUser,131
2,App\Models\Entities\AdminUser,132
3,App\Models\Entities\AdminUser,133
2,App\Models\Entities\AdminUser,134
3,App\Models\Entities\AdminUser,135
2,App\Models\Entities\AdminUser,136
3,App\Models\Entities\AdminUser,137
2,App\Models\Entities\AdminUser,138
3,App\Models\Entities\AdminUser,139
2,App\Models\Entities\AdminUser,140
3,App\Models\Entities\AdminUser,141
2,App\Models\Entities\AdminUser,142
3,App\Models\Entities\AdminUser,143
2,App\Models\Entities\AdminUser,144
3,App\Models\Entities\AdminUser,145
2,App\Models\Entities\AdminUser,146
3,App\Models\Entities\AdminUser,147
2,App\Models\Entities\AdminUser,148
3,App\Models\Entities\AdminUser,149
2,App\Models\Entities\AdminUser,150
3,App\Models\Entities\AdminUser,151
2,App\Models\Entities\AdminUser,152
3,App\Models\Entities\AdminUser,153
2,App\Models\Entities\AdminUser,154
3,App\Models\Entities\AdminUser,155
2,App\Models\Entities\AdminUser,156
3,App\Models\Entities\AdminUser,157
2,App\Models\Entities\AdminUser,158
3,App\Models\Entities\AdminUser,159
2,App\Models\Entities\AdminUser,160
3,App\Models\Entities\AdminUser,161
2,App\Models\Entities\AdminUser,162
3,App\Models\Entities\AdminUser,163
2,App\Models\Entities\AdminUser,164
3,App\Models\Entities\AdminUser,165
2,App\Models\Entities\AdminUser,166
3,App\Models\Entities\AdminUser,167
2,App\Models\Entities\AdminUser,168
3,App\Models\Entities\AdminUser,169
2,App\Models\Entities\AdminUser,170
3,App\Models\Entities\AdminUser,171
2,App\Models\Entities\AdminUser,172
3,App\Models\Entities\AdminUser,173
2,App\Models\Entities\AdminUser,174
3,App\Models\Entities\AdminUser,175
2,App\Models\Entities\AdminUser,176
3,App\Models\Entities\AdminUser,177
2,App\Models\Entities\AdminUser,178
3,App\Models\Entities\AdminUser,179
2,App\Models\Entities\AdminUser,180
3,App\Models\Entities\AdminUser,181
2,App\Models\Entities\AdminUser,182
3,App\Models\Entities\AdminUser,183
2,App\Models\Entities\AdminUser,184
3,App\Models\Entities\AdminUser,185
2,App\Models\Entities\AdminUser,186
3,App\Models\Entities\AdminUser,187
2,App\Models\Entities\AdminUser,188
3,App\Models\Entities\AdminUser,189
2,App\Models\Entities\AdminUser,190
3,App\Models\Entities\AdminUser,191
2,App\Models\Entities\AdminUser,192
3,App\Models\Entities\AdminUser,193
2,App\Models\Entities\AdminUser,194
3,App\Models\Entities\AdminUser,195
2,App\Models\Entities\AdminUser,196
3,App\Models\Entities\AdminUser,197
2,App\Models\Entities\AdminUser,198
3,App\Models\Entities\AdminUser,199
2,App\Models\Entities\AdminUser,200
3,App\Models\Entities\AdminUser,201
2,App\Models\Entities\AdminUser,202
3,App\Models\Entities\AdminUser,203
2,App\Models\Entities\AdminUser,204
3,App\Models\Entities\AdminUser,205
2,App\Models\Entities\AdminUser,206
3,App\Models\Entities\AdminUser,207
2,App\Models\Entities\AdminUser,208
3,App\Models\Entities\AdminUser,209
2,App\Models\Entities\AdminUser,210
3,App\Models\Entities\AdminUser,211
2,App\Models\Entities\AdminUser,212
3,App\Models\Entities\AdminUser,213
2,App\Models\Entities\AdminUser,214
3,App\Models\Entities\AdminUser,215
2,App\Models\Entities\AdminUser,216
3,App\Models\Entities\AdminUser,217
2,App\Models\Entities\AdminUser,218
3,App\Models\Entities\AdminUser,219
2,App\Models\Entities\AdminUser,220
3,App\Models\Entities\AdminUser,221
2,App\Models\Entities\AdminUser,222
3,App\Models\Entities\AdminUser,223
2,App\Models\Entities\AdminUser,224
3,App\Models\Entities\AdminUser,225
2,App\Models\Entities\AdminUser,226
3,App\Models\Entities\AdminUser,227
2,App\Models\Entities\AdminUser,228
3,App\Models\Entities\AdminUser,229
2,App\Models\Entities\AdminUser,230
3,App\Models\Entities\AdminUser,231
2,App\Models\Entities\AdminUser,232
3,App\Models\Entities\AdminUser,233
2,App\Models\Entities\AdminUser,234
3,App\Models\Entities\AdminUser,235
2,App\Models\Entities\AdminUser,236
3,App\Models\Entities\AdminUser,237
2,App\Models\Entities\AdminUser,238
3,App\Models\Entities\AdminUser,239
2,App\Models\Entities\AdminUser,240
3,App\Models\Entities\AdminUser,241
2,App\Models\Entities\AdminUser,242
3,App\Models\Entities\AdminUser,243
2,App\Models\Entities\AdminUser,244
3,App\Models\Entities\AdminUser,245
2,App\Models\Entities\AdminUser,246
3,App\Models\Entities\AdminUser,247
2,App\Models\Entities\AdminUser,248
3,App\Models\Entities\AdminUser,249
2,App\Models\Entities\AdminUser,250
3,App\Models\Entities\AdminUser,251
2,App\Models\Entities\AdminUser,252
3,App\Models\Entities\AdminUser,253
2,App\Models\Entities\AdminUser,254
3,App\Models\Entities\AdminUser,255
2,App\Models\Entities\AdminUser,256
3,App\Models\Entities\AdminUser,257
2,App\Models\Entities\AdminUser,258
3,App\Models\Entities\AdminUser,259
2,App\Models\Entities\AdminUser,260
3,App\Models\Entities\AdminUser,261
2,App\Models\Entities\AdminUser,262
3,App\Models\Entities\AdminUser,263
2,App\Models\Entities\AdminUser,264
3,App\Models\Entities\AdminUser,265
2,App\Models\Entities\AdminUser,266
3,App\Models\Entities\AdminUser,267
2,App\Models\Entities\AdminUser,268
3,App\Models\Entities\AdminUser,269
2,App\Models\Entities\AdminUser,270
3,App\Models\Entities\AdminUser,271
2,App\Models\Entities\AdminUser,272
3,App\Models\Entities\AdminUser,273
2,App\Models\Entities\AdminUser,274
3,App\Models\Entities\AdminUser,275
2,App\Models\Entities\AdminUser,276
3,App\Models\Entities\AdminUser,277
2,App\Models\Entities\AdminUser,278
3,App\Models\Entities\AdminUser,279
2,App\Models\Entities\AdminUser,280
3,App\Models\Entities\AdminUser,281
2,App\Models\Entities\AdminUser,282
3,App\Models\Entities\AdminUser,283
2,App\Models\Entities\AdminUser,284
3,App\Models\Entities\AdminUser,285
2,App\Models\Entities\AdminUser,286
3,App\Models\Entities\AdminUser,287
2,App\Models\Entities\AdminUser,288
3,App\Models\Entities\AdminUser,289
2,App\Models\Entities\AdminUser,290
3,App\Models\Entities\AdminUser,291
2,App\Models\Entities\AdminUser,292
3,App\Models\Entities\AdminUser,293
2,App\Models\Entities\AdminUser,294
3,App\Models\Entities\AdminUser,295
2,App\Models\Entities\AdminUser,296
3,App\Models\Entities\AdminUser,297
2,App\Models\Entities\AdminUser,298
3,App\Models\Entities\AdminUser,299
2,App\Models\Entities\AdminUser,300
3,App\Models\Entities\AdminUser,301
2,App\Models\Entities\AdminUser,302
3,App\Models\Entities\AdminUser,303
2,App\Models\Entities\AdminUser,304
3,App\Models\Entities\AdminUser,305
2,App\Models\Entities\AdminUser,306
3,App\Models\Entities\AdminUser,307
2,App\Models\Entities\AdminUser,308
3,App\Models\Entities\AdminUser,309
2,App\Models\Entities\AdminUser,310
3,App\Models\Entities\AdminUser,311
2,App\Models\Entities\AdminUser,312
3,App\Models\Entities\AdminUser,313
2,App\Models\Entities\AdminUser,314
3,App\Models\Entities\AdminUser,315
2,App\Models\Entities\AdminUser,316
3,App\Models\Entities\AdminUser,317
2,App\Models\Entities\AdminUser,318
3,App\Models\Entities\AdminUser,319
2,App\Models\Entities\AdminUser,320
3,App\Models\Entities\AdminUser,321
2,App\Models\Entities\AdminUser,322
3,App\Models\Entities\AdminUser,323
2,App\Models\Entities\AdminUser,324
3,App\Models\Entities\AdminUser,325
2,App\Models\Entities\AdminUser,326
3,App\Models\Entities\AdminUser,327
2,App\Models\Entities\AdminUser,328
3,App\Models\Entities\AdminUser,329
2,App\Models\Entities\AdminUser,330
3,App\Models\Entities\AdminUser,331
2,App\Models\Entities\AdminUser,332
3,App\Models\Entities\AdminUser,333
2,App\Models\Entities\AdminUser,334
3,App\Models\Entities\AdminUser,335
2,App\Models\Entities\AdminUser,336
3,App\Models\Entities\AdminUser,337
2,App\Models\Entities\AdminUser,338
3,App\Models\Entities\AdminUser,339
2,App\Models\Entities\AdminUser,340
3,App\Models\Entities\AdminUser,341
2,App\Models\Entities\AdminUser,342
3,App\Models\Entities\AdminUser,343
2,App\Models\Entities\AdminUser,344
3,App\Models\Entities\AdminUser,345
2,App\Models\Entities\AdminUser,346
3,App\Models\Entities\AdminUser,347
2,App\Models\Entities\AdminUser,348
3,App\Models\Entities\AdminUser,349
2,App\Models\Entities\AdminUser,350
3,App\Models\Entities\AdminUser,351
2,App\Models\Entities\AdminUser,352
3,App\Models\Entities\AdminUser,353
2,App\Models\Entities\AdminUser,354
3,App\Models\Entities\AdminUser,355
2,App\Models\Entities\AdminUser,356
3,App\Models\Entities\AdminUser,357
2,App\Models\Entities\AdminUser,358
3,App\Models\Entities\AdminUser,359
2,App\Models\Entities\AdminUser,360
3,App\Models\Entities\AdminUser,361
2,App\Models\Entities\AdminUser,362
3,App\Models\Entities\AdminUser,363
2,App\Models\Entities\AdminUser,364
3,App\Models\Entities\AdminUser,365
2,App\Models\Entities\AdminUser,366
3,App\Models\Entities\AdminUser,367
2,App\Models\Entities\AdminUser,368
3,App\Models\Entities\AdminUser,369
2,App\Models\Entities\AdminUser,370
3,App\Models\Entities\AdminUser,371
2,App\Models\Entities\AdminUser,372
3,App\Models\Entities\AdminUser,373
2,App\Models\Entities\AdminUser,374
3,App\Models\Entities\AdminUser,375
2,App\Models\Entities\AdminUser,376
3,App\Models\Entities\AdminUser,377
2,App\Models\Entities\AdminUser,378
3,App\Models\Entities\AdminUser,379
2,App\Models\Entities\AdminUser,380
3,App\Models\Entities\AdminUser,381
2,App\Models\Entities\AdminUser,382
3,App\Models\Entities\AdminUser,383
2,App\Models\Entities\AdminUser,384
3,App\Models\Entities\AdminUser,385
2,App\Models\Entities\AdminUser,386
3,App\Models\Entities\AdminUser,387
2,App\Models\Entities\AdminUser,388
3,App\Models\Entities\AdminUser,389
2,App\Models\Entities\AdminUser,390
3,App\Models\Entities\AdminUser,391
2,App\Models\Entities\AdminUser,392
3,App\Models\Entities\AdminUser,393
2,App\Models\Entities\AdminUser,394
3,App\Models\Entities\AdminUser,395
2,App\Models\Entities\AdminUser,396
3,App\Models\Entities\AdminUser,397
2,App\Models\Entities\AdminUser,398
3,App\Models\Entities\AdminUser,399
2,App\Models\Entities\AdminUser,400
3,App\Models\Entities\AdminUser,401
2,App\Models\Entities\AdminUser,402
3,App\Models\Entities\AdminUser,403
2,App\Models\Entities\AdminUser,404
3,App\Models\Entities\AdminUser,405
2,App\Models\Entities\AdminUser,406
3,App\Models\Entities\AdminUser,407
2,App\Models\Entities\AdminUser,408
3,App\Models\Entities\AdminUser,409
2,App\Models\Entities\AdminUser,410
3,App\Models\Entities\AdminUser,411
2,App\Models\Entities\AdminUser,412
3,App\Models\Entities\AdminUser,413
2,App\Models\Entities\AdminUser,414
3,App\Models\Entities\AdminUser,415
2,App\Models\Entities\AdminUser,416
3,App\Models\Entities\AdminUser,417
2,App\Models\Entities\AdminUser,418
3,App\Models\Entities\AdminUser,419
2,App\Models\Entities\AdminUser,420
3,App\Models\Entities\AdminUser,421
2,App\Models\Entities\AdminUser,422
3,App\Models\Entities\AdminUser,423
2,App\Models\Entities\AdminUser,424
3,App\Models\Entities\AdminUser,425
2,App\Models\Entities\AdminUser,426
3,App\Models\Entities\AdminUser,427
2,App\Models\Entities\AdminUser,428
3,App\Models\Entities\AdminUser,429
2,App\Models\Entities\AdminUser,430
3,App\Models\Entities\AdminUser,431
2,App\Models\Entities\AdminUser,432
3,App\Models\Entities\AdminUser,433
2,App\Models\Entities\AdminUser,434
3,App\Models\Entities\AdminUser,435
2,App\Models\Entities\AdminUser,436
3,App\Models\Entities\AdminUser,437
2,App\Models\Entities\AdminUser,438
3,App\Models\Entities\AdminUser,439
2,App\Models\Entities\AdminUser,440
3,App\Models\Entities\AdminUser,441
2,App\Models\Entities\AdminUser,442
3,App\Models\Entities\AdminUser,443
2,App\Models\Entities\AdminUser,444
3,App\Models\Entities\AdminUser,445
2,App\Models\Entities\AdminUser,446
3,App\Models\Entities\AdminUser,447
2,App\Models\Entities\AdminUser,448
3,App\Models\Entities\AdminUser,449
2,App\Models\Entities\AdminUser,450
3,App\Models\Entities\AdminUser,451
2,App\Models\Entities\AdminUser,452
3,App\Models\Entities\AdminUser,453
2,App\Models\Entities\AdminUser,454
3,App\Models\Entities\AdminUser,455
2,App\Models\Entities\AdminUser,456
3,App\Models\Entities\AdminUser,457
2,App\Models\Entities\AdminUser,458
3,App\Models\Entities\AdminUser,459
2,App\Models\Entities\AdminUser,460
3,App\Models\Entities\AdminUser,461
2,App\Models\Entities\AdminUser,462
3,App\Models\Entities\AdminUser,463
2,App\Models\Entities\AdminUser,464
3,App\Models\Entities\AdminUser,465
2,App\Models\Entities\AdminUser,466
3,App\Models\Entities\AdminUser,467
2,App\Models\Entities\AdminUser,468
3,App\Models\Entities\AdminUser,469
2,App\Models\Entities\AdminUser,470
3,App\Models\Entities\AdminUser,471
2,App\Models\Entities\AdminUser,472
3,App\Models\Entities\AdminUser,473
2,App\Models\Entities\AdminUser,474
3,App\Models\Entities\AdminUser,475
2,App\Models\Entities\AdminUser,476
3,App\Models\Entities\AdminUser,477
2,App\Models\Entities\AdminUser,478
3,App\Models\Entities\AdminUser,479
2,App\Models\Entities\AdminUser,480
3,App\Models\Entities\AdminUser,481
2,App\Models\Entities\AdminUser,482
3,App\Models\Entities\AdminUser,483
2,App\Models\Entities\AdminUser,484
3,App\Models\Entities\AdminUser,485
2,App\Models\Entities\AdminUser,486
3,App\Models\Entities\AdminUser,487
2,App\Models\Entities\AdminUser,488
3,App\Models\Entities\AdminUser,489
2,App\Models\Entities\AdminUser,490
3,App\Models\Entities\AdminUser,491
2,App\Models\Entities\AdminUser,492
3,App\Models\Entities\AdminUser,493
2,App\Models\Entities\AdminUser,494
3,App\Models\Entities\AdminUser,495
2,App\Models\Entities\AdminUser,496
3,App\Models\Entities\AdminUser,497
2,App\Models\Entities\AdminUser,498
3,App\Models\Entities\AdminUser,499
2,App\Models\Entities\AdminUser,500
3,App\Models\Entities\AdminUser,501
2,App\Models\Entities\AdminUser,502
3,App\Models\Entities\AdminUser,503
2,App\Models\Entities\AdminUser,504
3,App\Models\Entities\AdminUser,505
2,App\Models\Entities\AdminUser,506
3,App\Models\Entities\AdminUser,507
2,App\Models\Entities\AdminUser,508
3,App\Models\Entities\AdminUser,509
2,App\Models\Entities\AdminUser,510
3,App\Models\Entities\AdminUser,511
2,App\Models\Entities\AdminUser,512
3,App\Models\Entities\AdminUser,513
2,App\Models\Entities\AdminUser,514
3,App\Models\Entities\AdminUser,515
2,App\Models\Entities\AdminUser,516
3,App\Models\Entities\AdminUser,517
2,App\Models\Entities\AdminUser,518
3,App\Models\Entities\AdminUser,519
2,App\Models\Entities\AdminUser,520
3,App\Models\Entities\AdminUser,521
2,App\Models\Entities\AdminUser,522
3,App\Models\Entities\AdminUser,523
2,App\Models\Entities\AdminUser,524
3,App\Models\Entities\AdminUser,525
2,App\Models\Entities\AdminUser,526
3,App\Models\Entities\AdminUser,527
2,App\Models\Entities\AdminUser,528
3,App\Models\Entities\AdminUser,529
2,App\Models\Entities\AdminUser,530
3,App\Models\Entities\AdminUser,531
2,App\Models\Entities\AdminUser,532
3,App\Models\Entities\AdminUser,533
2,App\Models\Entities\AdminUser,534
3,App\Models\Entities\AdminUser,535
2,App\Models\Entities\AdminUser,536
3,App\Models\Entities\AdminUser,537
2,App\Models\Entities\AdminUser,538
3,App\Models\Entities\AdminUser,539
2,App\Models\Entities\AdminUser,540
3,App\Models\Entities\AdminUser,541
2,App\Models\Entities\AdminUser,542
3,App\Models\Entities\AdminUser,543
2,App\Models\Entities\AdminUser,544
3,App\Models\Entities\AdminUser,545
2,App\Models\Entities\AdminUser,546
3,App\Models\Entities\AdminUser,547
2,App\Models\Entities\AdminUser,548
3,App\Models\Entities\AdminUser,549
2,App\Models\Entities\AdminUser,550
3,App\Models\Entities\AdminUser,551
2,App\Models\Entities\AdminUser,552
3,App\Models\Entities\AdminUser,553
2,App\Models\Entities\AdminUser,554
3,App\Models\Entities\AdminUser,555
2,App\Models\Entities\AdminUser,556
3,App\Models\Entities\AdminUser,557
2,App\Models\Entities\AdminUser,558
3,App\Models\Entities\AdminUser,559
2,App\Models\Entities\AdminUser,560
3,App\Models\Entities\AdminUser,561
2,App\Models\Entities\AdminUser,562
3,App\Models\Entities\AdminUser,563
2,App\Models\Entities\AdminUser,564
3,App\Models\Entities\AdminUser,565
2,App\Models\Entities\AdminUser,566
3,App\Models\Entities\AdminUser,567
2,App\Models\Entities\AdminUser,568
3,App\Models\Entities\AdminUser,569
2,App\Models\Entities\AdminUser,570
3,App\Models\Entities\AdminUser,571
2,App\Models\Entities\AdminUser,572
3,App\Models\Entities\AdminUser,573
2,App\Models\Entities\AdminUser,574
3,App\Models\Entities\AdminUser,575
2,App\Models\Entities\AdminUser,576
3,App\Models\Entities\AdminUser,577
2,App\Models\Entities\AdminUser,578
3,App\Models\Entities\AdminUser,579
2,App\Models\Entities\AdminUser,580
3,App\Models\Entities\AdminUser,581
2,App\Models\Entities\AdminUser,582
3,App\Models\Entities\AdminUser,583
2,App\Models\Entities\AdminUser,584
3,App\Models\Entities\AdminUser,585
2,App\Models\Entities\AdminUser,586
3,App\Models\Entities\AdminUser,587
2,App\Models\Entities\AdminUser,588
3,App\Models\Entities\AdminUser,589
2,App\Models\Entities\AdminUser,590
3,App\Models\Entities\AdminUser,591
2,App\Models\Entities\AdminUser,592
3,App\Models\Entities\AdminUser,593
2,App\Models\Entities\AdminUser,594
3,App\Models\Entities\AdminUser,595
2,App\Models\Entities\AdminUser,596
3,App\Models\Entities\AdminUser,597
2,App\Models\Entities\AdminUser,598
3,App\Models\Entities\AdminUser,599
2,App\Models\Entities\AdminUser,600
3,App\Models\Entities\AdminUser,601
2,App\Models\Entities\AdminUser,602
3,App\Models\Entities\AdminUser,603
2,App\Models\Entities\AdminUser,604
3,App\Models\Entities\AdminUser,605
2,App\Models\Entities\AdminUser,606
3,App\Models\Entities\AdminUser,607
2,App\Models\Entities\AdminUser,608
3,App\Models\Entities\AdminUser,609
2,App\Models\Entities\AdminUser,610
3,App\Models\Entities\AdminUser,611
2,App\Models\Entities\AdminUser,612
3,App\Models\Entities\AdminUser,613
2,App\Models\Entities\AdminUser,614
3,App\Models\Entities\AdminUser,615
2,App\Models\Entities\AdminUser,616
3,App\Models\Entities\AdminUser,617
2,App\Models\Entities\AdminUser,618
3,App\Models\Entities\AdminUser,619
2,App\Models\Entities\AdminUser,620
3,App\Models\Entities\AdminUser,621
2,App\Models\Entities\AdminUser,622
3,App\Models\Entities\AdminUser,623
2,App\Models\Entities\AdminUser,624
3,App\Models\Entities\AdminUser,625
2,App\Models\Entities\AdminUser,626
3,App\Models\Entities\AdminUser,627
2,App\Models\Entities\AdminUser,628
3,App\Models\Entities\AdminUser,629
2,App\Models\Entities\AdminUser,630
3,App\Models\Entities\AdminUser,631
2,App\Models\Entities\AdminUser,632
3,App\Models\Entities\AdminUser,633
2,App\Models\Entities\AdminUser,634
3,App\Models\Entities\AdminUser,635
2,App\Models\Entities\AdminUser,636
3,App\Models\Entities\AdminUser,637
2,App\Models\Entities\AdminUser,638
3,App\Models\Entities\AdminUser,639
2,App\Models\Entities\AdminUser,640
3,App\Models\Entities\AdminUser,641
2,App\Models\Entities\AdminUser,642
3,App\Models\Entities\AdminUser,643
2,App\Models\Entities\AdminUser,644
3,App\Models\Entities\AdminUser,645
2,App\Models\Entities\AdminUser,646
3,App\Models\Entities\AdminUser,647
2,App\Models\Entities\AdminUser,648
3,App\Models\Entities\AdminUser,649
2,App\Models\Entities\AdminUser,650
3,App\Models\Entities\AdminUser,651
2,App\Models\Entities\AdminUser,652
3,App\Models\Entities\AdminUser,653
2,App\Models\Entities\AdminUser,654
3,App\Models\Entities\AdminUser,655
2,App\Models\Entities\AdminUser,656
3,App\Models\Entities\AdminUser,657
2,App\Models\Entities\AdminUser,658
3,App\Models\Entities\AdminUser,659
2,App\Models\Entities\AdminUser,660
3,App\Models\Entities\AdminUser,661
2,App\Models\Entities\AdminUser,662
3,App\Models\Entities\AdminUser,663
2,App\Models\Entities\AdminUser,664
3,App\Models\Entities\AdminUser,665
2,App\Models\Entities\AdminUser,666
3,App\Models\Entities\AdminUser,667
2,App\Models\Entities\AdminUser,668
3,App\Models\Entities\AdminUser,669
2,App\Models\Entities\AdminUser,670
3,App\Models\Entities\AdminUser,671
2,App\Models\Entities\AdminUser,672
3,App\Models\Entities\AdminUser,673
2,App\Models\Entities\AdminUser,674
3,App\Models\Entities\AdminUser,675
2,App\Models\Entities\AdminUser,676
3,App\Models\Entities\AdminUser,677
2,App\Models\Entities\AdminUser,678
3,App\Models\Entities\AdminUser,679
2,App\Models\Entities\AdminUser,680
3,App\Models\Entities\AdminUser,681
2,App\Models\Entities\AdminUser,682
3,App\Models\Entities\AdminUser,683
2,App\Models\Entities\AdminUser,684
3,App\Models\Entities\AdminUser,685
2,App\Models\Entities\AdminUser,686
3,App\Models\Entities\AdminUser,687
2,App\Models\Entities\AdminUser,688
3,App\Models\Entities\AdminUser,689
2,App\Models\Entities\AdminUser,690
3,App\Models\Entities\AdminUser,691
2,App\Models\Entities\AdminUser,692
3,App\Models\Entities\AdminUser,693
2,App\Models\Entities\AdminUser,694
3,App\Models\Entities\AdminUser,695
2,App\Models\Entities\AdminUser,696
3,App\Models\Entities\AdminUser,697
2,App\Models\Entities\AdminUser,698
3,App\Models\Entities\AdminUser,699
2,App\Models\Entities\AdminUser,700
3,App\Models\Entities\AdminUser,701
2,App\Models\Entities\AdminUser,702
3,App\Models\Entities\AdminUser,703
2,App\Models\Entities\AdminUser,704
3,App\Models\Entities\AdminUser,705
2,App\Models\Entities\AdminUser,706
3,App\Models\Entities\AdminUser,707
2,App\Models\Entities\AdminUser,708
3,App\Models\Entities\AdminUser,709
2,App\Models\Entities\AdminUser,710
3,App\Models\Entities\AdminUser,711
2,App\Models\Entities\AdminUser,712
3,App\Models\Entities\AdminUser,713
2,App\Models\Entities\AdminUser,714
3,App\Models\Entities\AdminUser,715
2,App\Models\Entities\AdminUser,716
3,App\Models\Entities\AdminUser,717
2,App\Models\Entities\AdminUser,718
3,App\Models\Entities\AdminUser,719
2,App\Models\Entities\AdminUser,720
3,App\Models\Entities\AdminUser,721
2,App\Models\Entities\AdminUser,722
3,App\Models\Entities\AdminUser,723
2,App\Models\Entities\AdminUser,724
3,App\Models\Entities\AdminUser,725
2,App\Models\Entities\AdminUser,726
3,App\Models\Entities\AdminUser,727
2,App\Models\Entities\AdminUser,728
3,App\Models\Entities\AdminUser,729
2,App\Models\Entities\AdminUser,730
3,App\Models\Entities\AdminUser,731
2,App\Models\Entities\AdminUser,732
3,App\Models\Entities\AdminUser,733
2,App\Models\Entities\AdminUser,734
3,App\Models\Entities\AdminUser,735
2,App\Models\Entities\AdminUser,736
3,App\Models\Entities\AdminUser,737
2,App\Models\Entities\AdminUser,738
3,App\Models\Entities\AdminUser,739
2,App\Models\Entities\AdminUser,740
3,App\Models\Entities\AdminUser,741
2,App\Models\Entities\AdminUser,742
3,App\Models\Entities\AdminUser,743
2,App\Models\Entities\AdminUser,744
3,App\Models\Entities\AdminUser,745
2,App\Models\Entities\AdminUser,746
3,App\Models\Entities\AdminUser,747
2,App\Models\Entities\AdminUser,748
3,App\Models\Entities\AdminUser,749
2,App\Models\Entities\AdminUser,750
3,App\Models\Entities\AdminUser,751
2,App\Models\Entities\AdminUser,752
3,App\Models\Entities\AdminUser,753
2,App\Models\Entities\AdminUser,754
3,App\Models\Entities\AdminUser,755
2,App\Models\Entities\AdminUser,756
3,App\Models\Entities\AdminUser,757
2,App\Models\Entities\AdminUser,758
3,App\Models\Entities\AdminUser,759
2,App\Models\Entities\AdminUser,760
3,App\Models\Entities\AdminUser,761
2,App\Models\Entities\AdminUser,762
3,App\Models\Entities\AdminUser,763
2,App\Models\Entities\AdminUser,764
3,App\Models\Entities\AdminUser,765
2,App\Models\Entities\AdminUser,766
3,App\Models\Entities\AdminUser,767
2,App\Models\Entities\AdminUser,768
3,App\Models\Entities\AdminUser,769
2,App\Models\Entities\AdminUser,770
3,App\Models\Entities\AdminUser,771
2,App\Models\Entities\AdminUser,772
3,App\Models\Entities\AdminUser,773
2,App\Models\Entities\AdminUser,774
3,App\Models\Entities\AdminUser,775
2,App\Models\Entities\AdminUser,776
3,App\Models\Entities\AdminUser,777
2,App\Models\Entities\AdminUser,778
3,App\Models\Entities\AdminUser,779
2,App\Models\Entities\AdminUser,780
3,App\Models\Entities\AdminUser,781
2,App\Models\Entities\AdminUser,782
3,App\Models\Entities\AdminUser,783
2,App\Models\Entities\AdminUser,784
3,App\Models\Entities\AdminUser,785
2,App\Models\Entities\AdminUser,786
3,App\Models\Entities\AdminUser,787
2,App\Models\Entities\AdminUser,788
3,App\Models\Entities\AdminUser,789
2,App\Models\Entities\AdminUser,790
3,App\Models\Entities\AdminUser,791
2,App\Models\Entities\AdminUser,792
3,App\Models\Entities\AdminUser,793
2,App\Models\Entities\AdminUser,794
3,App\Models\Entities\AdminUser,795
2,App\Models\Entities\AdminUser,796
3,App\Models\Entities\AdminUser,797
2,App\Models\Entities\AdminUser,798
3,App\Models\Entities\AdminUser,799
2,App\Models\Entities\AdminUser,800
3,App\Models\Entities\AdminUser,801
2,App\Models\Entities\AdminUser,802
3,App\Models\Entities\AdminUser,803
2,App\Models\Entities\AdminUser,804
3,App\Models\Entities\AdminUser,805
2,App\Models\Entities\AdminUser,806
3,App\Models\Entities\AdminUser,807
2,App\Models\Entities\AdminUser,808
3,App\Models\Entities\AdminUser,809
2,App\Models\Entities\AdminUser,810
3,App\Models\Entities\AdminUser,811
2,App\Models\Entities\AdminUser,812
3,App\Models\Entities\AdminUser,813
2,App\Models\Entities\AdminUser,814
3,App\Models\Entities\AdminUser,815
2,App\Models\Entities\AdminUser,816
3,App\Models\Entities\AdminUser,817
2,App\Models\Entities\AdminUser,818
3,App\Models\Entities\AdminUser,819
2,App\Models\Entities\AdminUser,820
3,App\Models\Entities\AdminUser,821
2,App\Models\Entities\AdminUser,822
3,App\Models\Entities\AdminUser,823
2,App\Models\Entities\AdminUser,824
3,App\Models\Entities\AdminUser,825
2,App\Models\Entities\AdminUser,826
3,App\Models\Entities\AdminUser,827
2,App\Models\Entities\AdminUser,828
3,App\Models\Entities\AdminUser,829
2,App\Models\Entities\AdminUser,830
3,App\Models\Entities\AdminUser,831
2,App\Models\Entities\AdminUser,832
3,App\Models\Entities\AdminUser,833
2,App\Models\Entities\AdminUser,834
3,App\Models\Entities\AdminUser,835
2,App\Models\Entities\AdminUser,836
3,App\Models\Entities\AdminUser,837
2,App\Models\Entities\AdminUser,838
3,App\Models\Entities\AdminUser,839
2,App\Models\Entities\AdminUser,840
3,App\Models\Entities\AdminUser,841
2,App\Models\Entities\AdminUser,842
3,App\Models\Entities\AdminUser,843
2,App\Models\Entities\AdminUser,844
3,App\Models\Entities\AdminUser,845
2,App\Models\Entities\AdminUser,846
3,App\Models\Entities\AdminUser,847
2,App\Models\Entities\AdminUser,848
3,App\Models\Entities\AdminUser,849
2,App\Models\Entities\AdminUser,850
3,App\Models\Entities\AdminUser,851
2,App\Models\Entities\AdminUser,852
3,App\Models\Entities\AdminUser,853
2,App\Models\Entities\AdminUser,854
3,App\Models\Entities\AdminUser,855
2,App\Models\Entities\AdminUser,856
3,App\Models\Entities\AdminUser,857
2,App\Models\Entities\AdminUser,858
3,App\Models\Entities\AdminUser,859
2,App\Models\Entities\AdminUser,860
3,App\Models\Entities\AdminUser,861
2,App\Models\Entities\AdminUser,862
3,App\Models\Entities\AdminUser,863
2,App\Models\Entities\AdminUser,864
3,App\Models\Entities\AdminUser,865
2,App\Models\Entities\AdminUser,866
3,App\Models\Entities\AdminUser,867
2,App\Models\Entities\AdminUser,868
3,App\Models\Entities\AdminUser,869
2,App\Models\Entities\AdminUser,870
3,App\Models\Entities\AdminUser,871
2,App\Models\Entities\AdminUser,872
3,App\Models\Entities\AdminUser,873
2,App\Models\Entities\AdminUser,874
3,App\Models\Entities\AdminUser,875
2,App\Models\Entities\AdminUser,876
3,App\Models\Entities\AdminUser,877
2,App\Models\Entities\AdminUser,878
3,App\Models\Entities\AdminUser,879
2,App\Models\Entities\AdminUser,880
3,App\Models\Entities\AdminUser,881
2,App\Models\Entities\AdminUser,882
3,App\Models\Entities\AdminUser,883
2,App\Models\Entities\AdminUser,884
3,App\Models\Entities\AdminUser,885
2,App\Models\Entities\AdminUser,886
3,App\Models\Entities\AdminUser,887
2,App\Models\Entities\AdminUser,888
3,App\Models\Entities\AdminUser,889
2,App\Models\Entities\AdminUser,890
3,App\Models\Entities\AdminUser,891
2,App\Models\Entities\AdminUser,892
3,App\Models\Entities\AdminUser,893
2,App\Models\Entities\AdminUser,894
3,App\Models\Entities\AdminUser,895
2,App\Models\Entities\AdminUser,896
3,App\Models\Entities\AdminUser,897
2,App\Models\Entities\AdminUser,898
3,App\Models\Entities\AdminUser,899
2,App\Models\Entities\AdminUser,900
3,App\Models\Entities\AdminUser,901
2,App\Models\Entities\AdminUser,902
3,App\Models\Entities\AdminUser,903
2,App\Models\Entities\AdminUser,904
3,App\Models\Entities\AdminUser,905
2,App\Models\Entities\AdminUser,906
3,App\Models\Entities\AdminUser,907
2,App\Models\Entities\AdminUser,908
3,App\Models\Entities\AdminUser,909
2,App\Models\Entities\AdminUser,910
3,App\Models\Entities\AdminUser,911
2,App\Models\Entities\AdminUser,912
3,App\Models\Entities\AdminUser,913
2,App\Models\Entities\AdminUser,914
3,App\Models\Entities\AdminUser,915
2,App\Models\Entities\AdminUser,916
3,App\Models\Entities\AdminUser,917
2,App\Models\Entities\AdminUser,918
3,App\Models\Entities\AdminUser,919
2,App\Models\Entities\AdminUser,920
3,App\Models\Entities\AdminUser,921
2,App\Models\Entities\AdminUser,922
3,App\Models\Entities\AdminUser,923
2,App\Models\Entities\AdminUser,924
3,App\Models\Entities\AdminUser,925
2,App\Models\Entities\AdminUser,926
3,App\Models\Entities\AdminUser,927
2,App\Models\Entities\AdminUser,928
3,App\Models\Entities\AdminUser,929
2,App\Models\Entities\AdminUser,930
3,App\Models\Entities\AdminUser,931
2,App\Models\Entities\AdminUser,932
3,App\Models\Entities\AdminUser,933
2,App\Models\Entities\AdminUser,934
3,App\Models\Entities\AdminUser,935
2,App\Models\Entities\AdminUser,936
3,App\Models\Entities\AdminUser,937
2,App\Models\Entities\AdminUser,938
3,App\Models\Entities\AdminUser,939
2,App\Models\Entities\AdminUser,940
3,App\Models\Entities\AdminUser,941
2,App\Models\Entities\AdminUser,942
3,App\Models\Entities\AdminUser,943
2,App\Models\Entities\AdminUser,944
3,App\Models\Entities\AdminUser,945
2,App\Models\Entities\AdminUser,946
3,App\Models\Entities\AdminUser,947
2,App\Models\Entities\AdminUser,948
3,App\Models\Entities\AdminUser,949
2,App\Models\Entities\AdminUser,950
3,App\Models\Entities\AdminUser,951
2,App\Models\Entities\AdminUser,952
3,App\Models\Entities\AdminUser,953
2,App\Models\Entities\AdminUser,954
3,App\Models\Entities\AdminUser,955
2,App\Models\Entities\AdminUser,956
3,App\Models\Entities\AdminUser,957
2,App\Models\Entities\AdminUser,958
3,App\Models\Entities\AdminUser,959
2,App\Models\Entities\AdminUser,960
3,App\Models\Entities\AdminUser,961
2,App\Models\Entities\AdminUser,962
3,App\Models\Entities\AdminUser,963
2,App\Models\Entities\AdminUser,964
3,App\Models\Entities\AdminUser,965
2,App\Models\Entities\AdminUser,966
3,App\Models\Entities\AdminUser,967
2,App\Models\Entities\AdminUser,968
3,App\Models\Entities\AdminUser,969
2,App\Models\Entities\AdminUser,970
3,App\Models\Entities\AdminUser,971
2,App\Models\Entities\AdminUser,972
3,App\Models\Entities\AdminUser,973
2,App\Models\Entities\AdminUser,974
3,App\Models\Entities\AdminUser,975
2,App\Models\Entities\AdminUser,976
3,App\Models\Entities\AdminUser,977
2,App\Models\Entities\AdminUser,978
3,App\Models\Entities\AdminUser,979
2,App\Models\Entities\AdminUser,980
3,App\Models\Entities\AdminUser,981
2,App\Models\Entities\AdminUser,982
3,App\Models\Entities\AdminUser,983
2,App\Models\Entities\AdminUser,984
3,App\Models\Entities\AdminUser,985
2,App\Models\Entities\AdminUser,986
3,App\Models\Entities\AdminUser,987
2,App\Models\Entities\AdminUser,988
3,App\Models\Entities\AdminUser,989
2,App\Models\Entities\AdminUser,990
3,App\Models\Entities\AdminUser,991
2,App\Models\Entities\AdminUser,992
3,App\Models\Entities\AdminUser,993
2,App\Models\Entities\AdminUser,994
3,App\Models\Entities\AdminUser,995
2,App\Models\Entities\AdminUser,996
3,App\Models\Entities\AdminUser,997
2,App\Models\Entities\AdminUser,998
3,App\Models\Entities\AdminUser,999
2,App\Models\Entities\AdminUser,1000
3,App\Models\Entities\AdminUser,1001
2,App\Models\Entities\AdminUser,1002
3,App\Models\Entities\AdminUser,1003
2,App\Models\Entities\AdminUser,1004
3,App\Models\Entities\AdminUser,1005
2,App\Models\Entities\AdminUser,1006
3,App\Models\Entities\AdminUser,1007
2,App\Models\Entities\AdminUser,1008
3,App\Models\Entities\AdminUser,1009
2,App\Models\Entities\AdminUser,1010
3,App\Models\Entities\AdminUser,1011
2,App\Models\Entities\AdminUser,1012
3,App\Models\Entities\AdminUser,1013
2,App\Models\Entities\AdminUser,1014
3,App\Models\Entities\AdminUser,1015
2,App\Models\Entities\AdminUser,1016
3,App\Models\Entities\AdminUser,1017
2,App\Models\Entities\AdminUser,1018
3,App\Models\Entities\AdminUser,1019
2,App\Models\Entities\AdminUser,1020
3,App\Models\Entities\AdminUser,1021
2,App\Models\Entities\AdminUser,1022
3,App\Models\Entities\AdminUser,1023
2,App\Models\Entities\AdminUser,1024
3,App\Models\Entities\AdminUser,1025
2,App\Models\Entities\AdminUser,1026
3,App\Models\Entities\AdminUser,1027
2,App\Models\Entities\AdminUser,1028
3,App\Models\Entities\AdminUser,1029
2,App\Models\Entities\AdminUser,1030
3,App\Models\Entities\AdminUser,1031
2,App\Models\Entities\AdminUser,1032
3,App\Models\Entities\AdminUser,1033
2,App\Models\Entities\AdminUser,1034
3,App\Models\Entities\AdminUser,1035
2,App\Models\Entities\AdminUser,1036
3,App\Models\Entities\AdminUser,1037
2,App\Models\Entities\AdminUser,1038
3,App\Models\Entities\AdminUser,1039
2,App\Models\Entities\AdminUser,1040
3,App\Models\Entities\AdminUser,1041
2,App\Models\Entities\AdminUser,1042
3,App\Models\Entities\AdminUser,1043
2,App\Models\Entities\AdminUser,1044
3,App\Models\Entities\AdminUser,1045
2,App\Models\Entities\AdminUser,1046
3,App\Models\Entities\AdminUser,1047
2,App\Models\Entities\AdminUser,1048
3,App\Models\Entities\AdminUser,1049
2,App\Models\Entities\AdminUser,1050
3,App\Models\Entities\AdminUser,1051
2,App\Models\Entities\AdminUser,1052
3,App\Models\Entities\AdminUser,1053
2,App\Models\Entities\AdminUser,1054
3,App\Models\Entities\AdminUser,1055
2,App\Models\Entities\AdminUser,1056
3,App\Models\Entities\AdminUser,1057
2,App\Models\Entities\AdminUser,1058
3,App\Models\Entities\AdminUser,1059
2,App\Models\Entities\AdminUser,1060
3,App\Models\Entities\AdminUser,1061
2,App\Models\Entities\AdminUser,1062
3,App\Models\Entities\AdminUser,1063
2,App\Models\Entities\AdminUser,1064
3,App\Models\Entities\AdminUser,1065
2,App\Models\Entities\AdminUser,1066
3,App\Models\Entities\AdminUser,1067
2,App\Models\Entities\AdminUser,1068
3,App\Models\Entities\AdminUser,1069
2,App\Models\Entities\AdminUser,1070
3,App\Models\Entities\AdminUser,1071
2,App\Models\Entities\AdminUser,1072
3,App\Models\Entities\AdminUser,1073
2,App\Models\Entities\AdminUser,1074
3,App\Models\Entities\AdminUser,1075
2,App\Models\Entities\AdminUser,1076
3,App\Models\Entities\AdminUser,1077
2,App\Models\Entities\AdminUser,1078
3,App\Models\Entities\AdminUser,1079
2,App\Models\Entities\AdminUser,1080
3,App\Models\Entities\AdminUser,1081
2,App\Models\Entities\AdminUser,1082
3,App\Models\Entities\AdminUser,1083
2,App\Models\Entities\AdminUser,1084
3,App\Models\Entities\AdminUser,1085
2,App\Models\Entities\AdminUser,1086
3,App\Models\Entities\AdminUser,1087
2,App\Models\Entities\AdminUser,1088
3,App\Models\Entities\AdminUser,1089
2,App\Models\Entities\AdminUser,1090
3,App\Models\Entities\AdminUser,1091
2,App\Models\Entities\AdminUser,1092
3,App\Models\Entities\AdminUser,1093
2,App\Models\Entities\AdminUser,1094
3,App\Models\Entities\AdminUser,1095
2,App\Models\Entities\AdminUser,1096
3,App\Models\Entities\AdminUser,1097
2,App\Models\Entities\AdminUser,1098
3,App\Models\Entities\AdminUser,1099
2,App\Models\Entities\AdminUser,1100
3,App\Models\Entities\AdminUser,1101
2,App\Models\Entities\AdminUser,1102
3,App\Models\Entities\AdminUser,1103
2,App\Models\Entities\AdminUser,1104
3,App\Models\Entities\AdminUser,1105
2,App\Models\Entities\AdminUser,1106
3,App\Models\Entities\AdminUser,1107
2,App\Models\Entities\AdminUser,1108
3,App\Models\Entities\AdminUser,1109
2,App\Models\Entities\AdminUser,1110
3,App\Models\Entities\AdminUser,1111
2,App\Models\Entities\AdminUser,1112
3,App\Models\Entities\AdminUser,1113
2,App\Models\Entities\AdminUser,1114
3,App\Models\Entities\AdminUser,1115
2,App\Models\Entities\AdminUser,1116
3,App\Models\Entities\AdminUser,1117
2,App\Models\Entities\AdminUser,1118
3,App\Models\Entities\AdminUser,1119
2,App\Models\Entities\AdminUser,1120
3,App\Models\Entities\AdminUser,1121
2,App\Models\Entities\AdminUser,1122
3,App\Models\Entities\AdminUser,1123
2,App\Models\Entities\AdminUser,1124
3,App\Models\Entities\AdminUser,1125
2,App\Models\Entities\AdminUser,1126
3,App\Models\Entities\AdminUser,1127
2,App\Models\Entities\AdminUser,1128
3,App\Models\Entities\AdminUser,1129
2,App\Models\Entities\AdminUser,1130
3,App\Models\Entities\AdminUser,1131
2,App\Models\Entities\AdminUser,1132
3,App\Models\Entities\AdminUser,1133
2,App\Models\Entities\AdminUser,1134
3,App\Models\Entities\AdminUser,1135
2,App\Models\Entities\AdminUser,1136
3,App\Models\Entities\AdminUser,1137
2,App\Models\Entities\AdminUser,1138
3,App\Models\Entities\AdminUser,1139
2,App\Models\Entities\AdminUser,1140
3,App\Models\Entities\AdminUser,1141
2,App\Models\Entities\AdminUser,1142
3,App\Models\Entities\AdminUser,1143
2,App\Models\Entities\AdminUser,1144
3,App\Models\Entities\AdminUser,1145
2,App\Models\Entities\AdminUser,1146
3,App\Models\Entities\AdminUser,1147
2,App\Models\Entities\AdminUser,1148
3,App\Models\Entities\AdminUser,1149
2,App\Models\Entities\AdminUser,1150
3,App\Models\Entities\AdminUser,1151
2,App\Models\Entities\AdminUser,1152
3,App\Models\Entities\AdminUser,1153
2,App\Models\Entities\AdminUser,1154
3,App\Models\Entities\AdminUser,1155
2,App\Models\Entities\AdminUser,1156
3,App\Models\Entities\AdminUser,1157
2,App\Models\Entities\AdminUser,1158
3,App\Models\Entities\AdminUser,1159
2,App\Models\Entities\AdminUser,1160
3,App\Models\Entities\AdminUser,1161
2,App\Models\Entities\AdminUser,1162
3,App\Models\Entities\AdminUser,1163
2,App\Models\Entities\AdminUser,1164
3,App\Models\Entities\AdminUser,1165
2,App\Models\Entities\AdminUser,1166
3,App\Models\Entities\AdminUser,1167
2,App\Models\Entities\AdminUser,1168
3,App\Models\Entities\AdminUser,1169
2,App\Models\Entities\AdminUser,1170
3,App\Models\Entities\AdminUser,1171
2,App\Models\Entities\AdminUser,1172
3,App\Models\Entities\AdminUser,1173
2,App\Models\Entities\AdminUser,1174
3,App\Models\Entities\AdminUser,1175
2,App\Models\Entities\AdminUser,1176
3,App\Models\Entities\AdminUser,1177
2,App\Models\Entities\AdminUser,1178
3,App\Models\Entities\AdminUser,1179
2,App\Models\Entities\AdminUser,1180
3,App\Models\Entities\AdminUser,1181
2,App\Models\Entities\AdminUser,1182
3,App\Models\Entities\AdminUser,1183
2,App\Models\Entities\AdminUser,1184
3,App\Models\Entities\AdminUser,1185
2,App\Models\Entities\AdminUser,1186
3,App\Models\Entities\AdminUser,1187
2,App\Models\Entities\AdminUser,1188
3,App\Models\Entities\AdminUser,1189
2,App\Models\Entities\AdminUser,1190
3,App\Models\Entities\AdminUser,1191
2,App\Models\Entities\AdminUser,1192
3,App\Models\Entities\AdminUser,1193
2,App\Models\Entities\AdminUser,1194
3,App\Models\Entities\AdminUser,1195
2,App\Models\Entities\AdminUser,1196
3,App\Models\Entities\AdminUser,1197
2,App\Models\Entities\AdminUser,1198
3,App\Models\Entities\AdminUser,1199
2,App\Models\Entities\AdminUser,1200
3,App\Models\Entities\AdminUser,1201
2,App\Models\Entities\AdminUser,1202
3,App\Models\Entities\AdminUser,1203
2,App\Models\Entities\AdminUser,1204
3,App\Models\Entities\AdminUser,1205
2,App\Models\Entities\AdminUser,1206
3,App\Models\Entities\AdminUser,1207
2,App\Models\Entities\AdminUser,1208
3,App\Models\Entities\AdminUser,1209
2,App\Models\Entities\AdminUser,1210
3,App\Models\Entities\AdminUser,1211
2,App\Models\Entities\AdminUser,1212
3,App\Models\Entities\AdminUser,1213
2,App\Models\Entities\AdminUser,1214
3,App\Models\Entities\AdminUser,1215
2,App\Models\Entities\AdminUser,1216
3,App\Models\Entities\AdminUser,1217
2,App\Models\Entities\AdminUser,1218
3,App\Models\Entities\AdminUser,1219
2,App\Models\Entities\AdminUser,1220
3,App\Models\Entities\AdminUser,1221
2,App\Models\Entities\AdminUser,1222
3,App\Models\Entities\AdminUser,1223
2,App\Models\Entities\AdminUser,1224
3,App\Models\Entities\AdminUser,1225
2,App\Models\Entities\AdminUser,1226
3,App\Models\Entities\AdminUser,1227
2,App\Models\Entities\AdminUser,1228
3,App\Models\Entities\AdminUser,1229
2,App\Models\Entities\AdminUser,1230
3,App\Models\Entities\AdminUser,1231
2,App\Models\Entities\AdminUser,1232
3,App\Models\Entities\AdminUser,1233
2,App\Models\Entities\AdminUser,1234
3,App\Models\Entities\AdminUser,1235
2,App\Models\Entities\AdminUser,1236
3,App\Models\Entities\AdminUser,1237
2,App\Models\Entities\AdminUser,1238
3,App\Models\Entities\AdminUser,1239
2,App\Models\Entities\AdminUser,1240
3,App\Models\Entities\AdminUser,1241
2,App\Models\Entities\AdminUser,1242
3,App\Models\Entities\AdminUser,1243
2,App\Models\Entities\AdminUser,1244
3,App\Models\Entities\AdminUser,1245
2,App\Models\Entities\AdminUser,1246
3,App\Models\Entities\AdminUser,1247
2,App\Models\Entities\AdminUser,1248
3,App\Models\Entities\AdminUser,1249
2,App\Models\Entities\AdminUser,1250
3,App\Models\Entities\AdminUser,1251
2,App\Models\Entities\AdminUser,1252
3,App\Models\Entities\AdminUser,1253
2,App\Models\Entities\AdminUser,1254
3,App\Models\Entities\AdminUser,1255
2,App\Models\Entities\AdminUser,1256
3,App\Models\Entities\AdminUser,1257
2,App\Models\Entities\AdminUser,1258
3,App\Models\Entities\AdminUser,1259
2,App\Models\Entities\AdminUser,1260
3,App\Models\Entities\AdminUser,1261
2,App\Models\Entities\AdminUser,1262
3,App\Models\Entities\AdminUser,1263
2,App\Models\Entities\AdminUser,1264
3,App\Models\Entities\AdminUser,1265
2,App\Models\Entities\AdminUser,1266
3,App\Models\Entities\AdminUser,1267
2,App\Models\Entities\AdminUser,1268
3,App\Models\Entities\AdminUser,1269
2,App\Models\Entities\AdminUser,1270
3,App\Models\Entities\AdminUser,1271
2,App\Models\Entities\AdminUser,1272
3,App\Models\Entities\AdminUser,1273
2,App\Models\Entities\AdminUser,1274
3,App\Models\Entities\AdminUser,1275
2,App\Models\Entities\AdminUser,1276
3,App\Models\Entities\AdminUser,1277
2,App\Models\Entities\AdminUser,1278
3,App\Models\Entities\AdminUser,1279
2,App\Models\Entities\AdminUser,1280
3,App\Models\Entities\AdminUser,1281
2,App\Models\Entities\AdminUser,1282
3,App\Models\Entities\AdminUser,1283
2,App\Models\Entities\AdminUser,1284
3,App\Models\Entities\AdminUser,1285
2,App\Models\Entities\AdminUser,1286
3,App\Models\Entities\AdminUser,1287
2,App\Models\Entities\AdminUser,1288
3,App\Models\Entities\AdminUser,1289
2,App\Models\Entities\AdminUser,1290
3,App\Models\Entities\AdminUser,1291
2,App\Models\Entities\AdminUser,1292
3,App\Models\Entities\AdminUser,1293
2,App\Models\Entities\AdminUser,1294
3,App\Models\Entities\AdminUser,1295
2,App\Models\Entities\AdminUser,1296
3,App\Models\Entities\AdminUser,1297
2,App\Models\Entities\AdminUser,1298
3,App\Models\Entities\AdminUser,1299
2,App\Models\Entities\AdminUser,1300
3,App\Models\Entities\AdminUser,1301
2,App\Models\Entities\AdminUser,1302
3,App\Models\Entities\AdminUser,1303
2,App\Models\Entities\AdminUser,1304
3,App\Models\Entities\AdminUser,1305
2,App\Models\Entities\AdminUser,1306
3,App\Models\Entities\AdminUser,1307
2,App\Models\Entities\AdminUser,1308
3,App\Models\Entities\AdminUser,1309
2,App\Models\Entities\AdminUser,1310
3,App\Models\Entities\AdminUser,1311
2,App\Models\Entities\AdminUser,1312
3,App\Models\Entities\AdminUser,1313
2,App\Models\Entities\AdminUser,1314
3,App\Models\Entities\AdminUser,1315
2,App\Models\Entities\AdminUser,1316
3,App\Models\Entities\AdminUser,1317
2,App\Models\Entities\AdminUser,1318
3,App\Models\Entities\AdminUser,1319
2,App\Models\Entities\AdminUser,1320
3,App\Models\Entities\AdminUser,1321
2,App\Models\Entities\AdminUser,1322
3,App\Models\Entities\AdminUser,1323
2,App\Models\Entities\AdminUser,1324
3,App\Models\Entities\AdminUser,1325
2,App\Models\Entities\AdminUser,1326
3,App\Models\Entities\AdminUser,1327
2,App\Models\Entities\AdminUser,1328
3,App\Models\Entities\AdminUser,1329
2,App\Models\Entities\AdminUser,1330
3,App\Models\Entities\AdminUser,1331
2,App\Models\Entities\AdminUser,1332
3,App\Models\Entities\AdminUser,1333
2,App\Models\Entities\AdminUser,1334
3,App\Models\Entities\AdminUser,1335
2,App\Models\Entities\AdminUser,1336
3,App\Models\Entities\AdminUser,1337
2,App\Models\Entities\AdminUser,1338
3,App\Models\Entities\AdminUser,1339
2,App\Models\Entities\AdminUser,1340
3,App\Models\Entities\AdminUser,1341
2,App\Models\Entities\AdminUser,1342
3,App\Models\Entities\AdminUser,1343
2,App\Models\Entities\AdminUser,1344
3,App\Models\Entities\AdminUser,1345
2,App\Models\Entities\AdminUser,1346
3,App\Models\Entities\AdminUser,1347
2,App\Models\Entities\AdminUser,1348
3,App\Models\Entities\AdminUser,1349
2,App\Models\Entities\AdminUser,1350
3,App\Models\Entities\AdminUser,1351
2,App\Models\Entities\AdminUser,1352
3,App\Models\Entities\AdminUser,1353
2,App\Models\Entities\AdminUser,1354
3,App\Models\Entities\AdminUser,1355
2,App\Models\Entities\AdminUser,1356
3,App\Models\Entities\AdminUser,1357
2,App\Models\Entities\AdminUser,1358
3,App\Models\Entities\AdminUser,1359
2,App\Models\Entities\AdminUser,1360
3,App\Models\Entities\AdminUser,1361
2,App\Models\Entities\AdminUser,1362
3,App\Models\Entities\AdminUser,1363
2,App\Models\Entities\AdminUser,1364
3,App\Models\Entities\AdminUser,1365
2,App\Models\Entities\AdminUser,1366
3,App\Models\Entities\AdminUser,1367
2,App\Models\Entities\AdminUser,1368
3,App\Models\Entities\AdminUser,1369
2,App\Models\Entities\AdminUser,1370
3,App\Models\Entities\AdminUser,1371
2,App\Models\Entities\AdminUser,1372
3,App\Models\Entities\AdminUser,1373
2,App\Models\Entities\AdminUser,1374
3,App\Models\Entities\AdminUser,1375
2,App\Models\Entities\AdminUser,1376
3,App\Models\Entities\AdminUser,1377
2,App\Models\Entities\AdminUser,1378
3,App\Models\Entities\AdminUser,1379
2,App\Models\Entities\AdminUser,1380
3,App\Models\Entities\AdminUser,1381
2,App\Models\Entities\AdminUser,1382
3,App\Models\Entities\AdminUser,1383
2,App\Models\Entities\AdminUser,1384
3,App\Models\Entities\AdminUser,1385
2,App\Models\Entities\AdminUser,1386
3,App\Models\Entities\AdminUser,1387
2,App\Models\Entities\AdminUser,1388
3,App\Models\Entities\AdminUser,1389
2,App\Models\Entities\AdminUser,1390
3,App\Models\Entities\AdminUser,1391
2,App\Models\Entities\AdminUser,1392
3,App\Models\Entities\AdminUser,1393
2,App\Models\Entities\AdminUser,1394
3,App\Models\Entities\AdminUser,1395
2,App\Models\Entities\AdminUser,1396
3,App\Models\Entities\AdminUser,1397
2,App\Models\Entities\AdminUser,1398
3,App\Models\Entities\AdminUser,1399
2,App\Models\Entities\AdminUser,1400
3,App\Models\Entities\AdminUser,1401
2,App\Models\Entities\AdminUser,1402
3,App\Models\Entities\AdminUser,1403
2,App\Models\Entities\AdminUser,1404
3,App\Models\Entities\AdminUser,1405
2,App\Models\Entities\AdminUser,1406
3,App\Models\Entities\AdminUser,1407
2,App\Models\Entities\AdminUser,1408
3,App\Models\Entities\AdminUser,1409
2,App\Models\Entities\AdminUser,1410
3,App\Models\Entities\AdminUser,1411
2,App\Models\Entities\AdminUser,1412
3,App\Models\Entities\AdminUser,1413
2,App\Models\Entities\AdminUser,1414
3,App\Models\Entities\AdminUser,1415
2,App\Models\Entities\AdminUser,1416
3,App\Models\Entities\AdminUser,1417
2,App\Models\Entities\AdminUser,1418
3,App\Models\Entities\AdminUser,1419
2,App\Models\Entities\AdminUser,1420
3,App\Models\Entities\AdminUser,1421
2,App\Models\Entities\AdminUser,1422
3,App\Models\Entities\AdminUser,1423
2,App\Models\Entities\AdminUser,1424
3,App\Models\Entities\AdminUser,1425
2,App\Models\Entities\AdminUser,1426
3,App\Models\Entities\AdminUser,1427
2,App\Models\Entities\AdminUser,1428
3,App\Models\Entities\AdminUser,1429
2,App\Models\Entities\AdminUser,1430
3,App\Models\Entities\AdminUser,1431
2,App\Models\Entities\AdminUser,1432
3,App\Models\Entities\AdminUser,1433
2,App\Models\Entities\AdminUser,1434
3,App\Models\Entities\AdminUser,1435
2,App\Models\Entities\AdminUser,1436
3,App\Models\Entities\AdminUser,1437
2,App\Models\Entities\AdminUser,1438
3,App\Models\Entities\AdminUser,1439
2,App\Models\Entities\AdminUser,1440
3,App\Models\Entities\AdminUser,1441
2,App\Models\Entities\AdminUser,1442
3,App\Models\Entities\AdminUser,1443
2,App\Models\Entities\AdminUser,1444
3,App\Models\Entities\AdminUser,1445
2,App\Models\Entities\AdminUser,1446
3,App\Models\Entities\AdminUser,1447
2,App\Models\Entities\AdminUser,1448
3,App\Models\Entities\AdminUser,1449
2,App\Models\Entities\AdminUser,1450
3,App\Models\Entities\AdminUser,1451
2,App\Models\Entities\AdminUser,1452
3,App\Models\Entities\AdminUser,1453
2,App\Models\Entities\AdminUser,1454
3,App\Models\Entities\AdminUser,1455
2,App\Models\Entities\AdminUser,1456
3,App\Models\Entities\AdminUser,1457
2,App\Models\Entities\AdminUser,1458
3,App\Models\Entities\AdminUser,1459
2,App\Models\Entities\AdminUser,1460
3,App\Models\Entities\AdminUser,1461
2,App\Models\Entities\AdminUser,1462
3,App\Models\Entities\AdminUser,1463
2,App\Models\Entities\AdminUser,1464
3,App\Models\Entities\AdminUser,1465
2,App\Models\Entities\AdminUser,1466
3,App\Models\Entities\AdminUser,1467
2,App\Models\Entities\AdminUser,1468
3,App\Models\Entities\AdminUser,1469
2,App\Models\Entities\AdminUser,1470
3,App\Models\Entities\AdminUser,1471
2,App\Models\Entities\AdminUser,1472
3,App\Models\Entities\AdminUser,1473
2,App\Models\Entities\AdminUser,1474
3,App\Models\Entities\AdminUser,1475
2,App\Models\Entities\AdminUser,1476
3,App\Models\Entities\AdminUser,1477
2,App\Models\Entities\AdminUser,1478
3,App\Models\Entities\AdminUser,1479
2,App\Models\Entities\AdminUser,1480
3,App\Models\Entities\AdminUser,1481
2,App\Models\Entities\AdminUser,1482
3,App\Models\Entities\AdminUser,1483
2,App\Models\Entities\AdminUser,1484
3,App\Models\Entities\AdminUser,1485
2,App\Models\Entities\AdminUser,1486
3,App\Models\Entities\AdminUser,1487
2,App\Models\Entities\AdminUser,1488
3,App\Models\Entities\AdminUser,1489
2,App\Models\Entities\AdminUser,1490
3,App\Models\Entities\AdminUser,1491
2,App\Models\Entities\AdminUser,1492
3,App\Models\Entities\AdminUser,1493
2,App\Models\Entities\AdminUser,1494
3,App\Models\Entities\AdminUser,1495
2,App\Models\Entities\AdminUser,1496
3,App\Models\Entities\AdminUser,1497
2,App\Models\Entities\AdminUser,1498
3,App\Models\Entities\AdminUser,1499
2,App\Models\Entities\AdminUser,1500
3,App\Models\Entities\AdminUser,1501
2,App\Models\Entities\AdminUser,1502
3,App\Models\Entities\AdminUser,1503
2,App\Models\Entities\AdminUser,1504
3,App\Models\Entities\AdminUser,1505
2,App\Models\Entities\AdminUser,1506
3,App\Models\Entities\AdminUser,1507
2,App\Models\Entities\AdminUser,1508
3,App\Models\Entities\AdminUser,1509
2,App\Models\Entities\AdminUser,1510
3,App\Models\Entities\AdminUser,1511
2,App\Models\Entities\AdminUser,1512
3,App\Models\Entities\AdminUser,1513
2,App\Models\Entities\AdminUser,1514
3,App\Models\Entities\AdminUser,1515
2,App\Models\Entities\AdminUser,1516
3,App\Models\Entities\AdminUser,1517
2,App\Models\Entities\AdminUser,1518
3,App\Models\Entities\AdminUser,1519
2,App\Models\Entities\AdminUser,1520
3,App\Models\Entities\AdminUser,1521
2,App\Models\Entities\AdminUser,1522
3,App\Models\Entities\AdminUser,1523
2,App\Models\Entities\AdminUser,1524
3,App\Models\Entities\AdminUser,1525
2,App\Models\Entities\AdminUser,1526
3,App\Models\Entities\AdminUser,1527
2,App\Models\Entities\AdminUser,1528
3,App\Models\Entities\AdminUser,1529
2,App\Models\Entities\AdminUser,1530
3,App\Models\Entities\AdminUser,1531
2,App\Models\Entities\AdminUser,1532
3,App\Models\Entities\AdminUser,1533
2,App\Models\Entities\AdminUser,1534
3,App\Models\Entities\AdminUser,1535
2,App\Models\Entities\AdminUser,1536
3,App\Models\Entities\AdminUser,1537
2,App\Models\Entities\AdminUser,1538
3,App\Models\Entities\AdminUser,1539
2,App\Models\Entities\AdminUser,1540
3,App\Models\Entities\AdminUser,1541
2,App\Models\Entities\AdminUser,1542
3,App\Models\Entities\AdminUser,1543
2,App\Models\Entities\AdminUser,1544
3,App\Models\Entities\AdminUser,1545
2,App\Models\Entities\AdminUser,1546
3,App\Models\Entities\AdminUser,1547
2,App\Models\Entities\AdminUser,1548
3,App\Models\Entities\AdminUser,1549
2,App\Models\Entities\AdminUser,1550
3,App\Models\Entities\AdminUser,1551
2,App\Models\Entities\AdminUser,1552
3,App\Models\Entities\AdminUser,1553
2,App\Models\Entities\AdminUser,1554
3,App\Models\Entities\AdminUser,1555
2,App\Models\Entities\AdminUser,1556
3,App\Models\Entities\AdminUser,1557
2,App\Models\Entities\AdminUser,1558
3,App\Models\Entities\AdminUser,1559
2,App\Models\Entities\AdminUser,1560
3,App\Models\Entities\AdminUser,1561
2,App\Models\Entities\AdminUser,1562
3,App\Models\Entities\AdminUser,1563
2,App\Models\Entities\AdminUser,1564
3,App\Models\Entities\AdminUser,1565
2,App\Models\Entities\AdminUser,1566
3,App\Models\Entities\AdminUser,1567
2,App\Models\Entities\AdminUser,1568
3,App\Models\Entities\AdminUser,1569
2,App\Models\Entities\AdminUser,1570
3,App\Models\Entities\AdminUser,1571
2,App\Models\Entities\AdminUser,1572
3,App\Models\Entities\AdminUser,1573
2,App\Models\Entities\AdminUser,1574
3,App\Models\Entities\AdminUser,1575
2,App\Models\Entities\AdminUser,1576
3,App\Models\Entities\AdminUser,1577
2,App\Models\Entities\AdminUser,1578
3,App\Models\Entities\AdminUser,1579
2,App\Models\Entities\AdminUser,1580
3,App\Models\Entities\AdminUser,1581
2,App\Models\Entities\AdminUser,1582
3,App\Models\Entities\AdminUser,1583
2,App\Models\Entities\AdminUser,1584
3,App\Models\Entities\AdminUser,1585
2,App\Models\Entities\AdminUser,1586
3,App\Models\Entities\AdminUser,1587
2,App\Models\Entities\AdminUser,1588
3,App\Models\Entities\AdminUser,1589
2,App\Models\Entities\AdminUser,1590
3,App\Models\Entities\AdminUser,1591
2,App\Models\Entities\AdminUser,1592
3,App\Models\Entities\AdminUser,1593
2,App\Models\Entities\AdminUser,1594
3,App\Models\Entities\AdminUser,1595
2,App\Models\Entities\AdminUser,1596
3,App\Models\Entities\AdminUser,1597
2,App\Models\Entities\AdminUser,1598
3,App\Models\Entities\AdminUser,1599
2,App\Models\Entities\AdminUser,1600
3,App\Models\Entities\AdminUser,1601
2,App\Models\Entities\AdminUser,1602
3,App\Models\Entities\AdminUser,1603
2,App\Models\Entities\AdminUser,1604
3,App\Models\Entities\AdminUser,1605
2,App\Models\Entities\AdminUser,1606
3,App\Models\Entities\AdminUser,1607
2,App\Models\Entities\AdminUser,1608
3,App\Models\Entities\AdminUser,1609
2,App\Models\Entities\AdminUser,1610
3,App\Models\Entities\AdminUser,1611
2,App\Models\Entities\AdminUser,1612
3,App\Models\Entities\AdminUser,1613
2,App\Models\Entities\AdminUser,1614
3,App\Models\Entities\AdminUser,1615
2,App\Models\Entities\AdminUser,1616
3,App\Models\Entities\AdminUser,1617
2,App\Models\Entities\AdminUser,1618
3,App\Models\Entities\AdminUser,1619
2,App\Models\Entities\AdminUser,1620
3,App\Models\Entities\AdminUser,1621
2,App\Models\Entities\AdminUser,1622
3,App\Models\Entities\AdminUser,1623
2,App\Models\Entities\AdminUser,1624
3,App\Models\Entities\AdminUser,1625
2,App\Models\Entities\AdminUser,1626
3,App\Models\Entities\AdminUser,1627
2,App\Models\Entities\AdminUser,1628
3,App\Models\Entities\AdminUser,1629
2,App\Models\Entities\AdminUser,1630
3,App\Models\Entities\AdminUser,1631
2,App\Models\Entities\AdminUser,1632
3,App\Models\Entities\AdminUser,1633
2,App\Models\Entities\AdminUser,1634
3,App\Models\Entities\AdminUser,1635
2,App\Models\Entities\AdminUser,1636
3,App\Models\Entities\AdminUser,1637
2,App\Models\Entities\AdminUser,1638
3,App\Models\Entities\AdminUser,1639
2,App\Models\Entities\AdminUser,1640
3,App\Models\Entities\AdminUser,1641
2,App\Models\Entities\AdminUser,1642
3,App\Models\Entities\AdminUser,1643
2,App\Models\Entities\AdminUser,1644
3,App\Models\Entities\AdminUser,1645
2,App\Models\Entities\AdminUser,1646
3,App\Models\Entities\AdminUser,1647
2,App\Models\Entities\AdminUser,1648
3,App\Models\Entities\AdminUser,1649
2,App\Models\Entities\AdminUser,1650
3,App\Models\Entities\AdminUser,1651
2,App\Models\Entities\AdminUser,1652
3,App\Models\Entities\AdminUser,1653
2,App\Models\Entities\AdminUser,1654
3,App\Models\Entities\AdminUser,1655
2,App\Models\Entities\AdminUser,1656
3,App\Models\Entities\AdminUser,1657
2,App\Models\Entities\AdminUser,1658
3,App\Models\Entities\AdminUser,1659
2,App\Models\Entities\AdminUser,1660
3,App\Models\Entities\AdminUser,1661
2,App\Models\Entities\AdminUser,1662
3,App\Models\Entities\AdminUser,1663
2,App\Models\Entities\AdminUser,1664
3,App\Models\Entities\AdminUser,1665
2,App\Models\Entities\AdminUser,1666
3,App\Models\Entities\AdminUser,1667
2,App\Models\Entities\AdminUser,1668
3,App\Models\Entities\AdminUser,1669
2,App\Models\Entities\AdminUser,1670
3,App\Models\Entities\AdminUser,1671
2,App\Models\Entities\AdminUser,1672
3,App\Models\Entities\AdminUser,1673
2,App\Models\Entities\AdminUser,1674
3,App\Models\Entities\AdminUser,1675
2,App\Models\Entities\AdminUser,1676
3,App\Models\Entities\AdminUser,1677
2,App\Models\Entities\AdminUser,1678
3,App\Models\Entities\AdminUser,1679
2,App\Models\Entities\AdminUser,1680
3,App\Models\Entities\AdminUser,1681
2,App\Models\Entities\AdminUser,1682
3,App\Models\Entities\AdminUser,1683
2,App\Models\Entities\AdminUser,1684
3,App\Models\Entities\AdminUser,1685
2,App\Models\Entities\AdminUser,1686
3,App\Models\Entities\AdminUser,1687
2,App\Models\Entities\AdminUser,1688
3,App\Models\Entities\AdminUser,1689
2,App\Models\Entities\AdminUser,1690
3,App\Models\Entities\AdminUser,1691
2,App\Models\Entities\AdminUser,1692
3,App\Models\Entities\AdminUser,1693
2,App\Models\Entities\AdminUser,1694
3,App\Models\Entities\AdminUser,1695
2,App\Models\Entities\AdminUser,1696
3,App\Models\Entities\AdminUser,1697
2,App\Models\Entities\AdminUser,1698
3,App\Models\Entities\AdminUser,1699
2,App\Models\Entities\AdminUser,1700
3,App\Models\Entities\AdminUser,1701
2,App\Models\Entities\AdminUser,1702
3,App\Models\Entities\AdminUser,1703
2,App\Models\Entities\AdminUser,1704
3,App\Models\Entities\AdminUser,1705
2,App\Models\Entities\AdminUser,1706
3,App\Models\Entities\AdminUser,1707
2,App\Models\Entities\AdminUser,1708
3,App\Models\Entities\AdminUser,1709
2,App\Models\Entities\AdminUser,1710
3,App\Models\Entities\AdminUser,1711
2,App\Models\Entities\AdminUser,1712
3,App\Models\Entities\AdminUser,1713
2,App\Models\Entities\AdminUser,1714
3,App\Models\Entities\AdminUser,1715
2,App\Models\Entities\AdminUser,1716
3,App\Models\Entities\AdminUser,1717
2,App\Models\Entities\AdminUser,1718
3,App\Models\Entities\AdminUser,1719
2,App\Models\Entities\AdminUser,1720
3,App\Models\Entities\AdminUser,1721
2,App\Models\Entities\AdminUser,1722
3,App\Models\Entities\AdminUser,1723
2,App\Models\Entities\AdminUser,1724
3,App\Models\Entities\AdminUser,1725
2,App\Models\Entities\AdminUser,1726
3,App\Models\Entities\AdminUser,1727
2,App\Models\Entities\AdminUser,1728
3,App\Models\Entities\AdminUser,1729
2,App\Models\Entities\AdminUser,1730
3,App\Models\Entities\AdminUser,1731
2,App\Models\Entities\AdminUser,1732
3,App\Models\Entities\AdminUser,1733
2,App\Models\Entities\AdminUser,1734
3,App\Models\Entities\AdminUser,1735
2,App\Models\Entities\AdminUser,1736
3,App\Models\Entities\AdminUser,1737
2,App\Models\Entities\AdminUser,1738
3,App\Models\Entities\AdminUser,1739
2,App\Models\Entities\AdminUser,1740
3,App\Models\Entities\AdminUser,1741
2,App\Models\Entities\AdminUser,1742
3,App\Models\Entities\AdminUser,1743
2,App\Models\Entities\AdminUser,1744
3,App\Models\Entities\AdminUser,1745
2,App\Models\Entities\AdminUser,1746
3,App\Models\Entities\AdminUser,1747
2,App\Models\Entities\AdminUser,1748
3,App\Models\Entities\AdminUser,1749
2,App\Models\Entities\AdminUser,1750
3,App\Models\Entities\AdminUser,1751
2,App\Models\Entities\AdminUser,1752
3,App\Models\Entities\AdminUser,1753
2,App\Models\Entities\AdminUser,1754
3,App\Models\Entities\AdminUser,1755
2,App\Models\Entities\AdminUser,1756
3,App\Models\Entities\AdminUser,1757
2,App\Models\Entities\AdminUser,1758
3,App\Models\Entities\AdminUser,1759
2,App\Models\Entities\AdminUser,1760
3,App\Models\Entities\AdminUser,1761
2,App\Models\Entities\AdminUser,1762
3,App\Models\Entities\AdminUser,1763
2,App\Models\Entities\AdminUser,1764
3,App\Models\Entities\AdminUser,1765
2,App\Models\Entities\AdminUser,1766
3,App\Models\Entities\AdminUser,1767
2,App\Models\Entities\AdminUser,1768
3,App\Models\Entities\AdminUser,1769
2,App\Models\Entities\AdminUser,1770
3,App\Models\Entities\AdminUser,1771
2,App\Models\Entities\AdminUser,1772
3,App\Models\Entities\AdminUser,1773
2,App\Models\Entities\AdminUser,1774
3,App\Models\Entities\AdminUser,1775
2,App\Models\Entities\AdminUser,1776
3,App\Models\Entities\AdminUser,1777
2,App\Models\Entities\AdminUser,1778
3,App\Models\Entities\AdminUser,1779
2,App\Models\Entities\AdminUser,1780
3,App\Models\Entities\AdminUser,1781
2,App\Models\Entities\AdminUser,1782
3,App\Models\Entities\AdminUser,1783
2,App\Models\Entities\AdminUser,1784
3,App\Models\Entities\AdminUser,1785
2,App\Models\Entities\AdminUser,1786
3,App\Models\Entities\AdminUser,1787
2,App\Models\Entities\AdminUser,1788
3,App\Models\Entities\AdminUser,1789
2,App\Models\Entities\AdminUser,1790
3,App\Models\Entities\AdminUser,1791
2,App\Models\Entities\AdminUser,1792
3,App\Models\Entities\AdminUser,1793
2,App\Models\Entities\AdminUser,1794
3,App\Models\Entities\AdminUser,1795
2,App\Models\Entities\AdminUser,1796
3,App\Models\Entities\AdminUser,1797
2,App\Models\Entities\AdminUser,1798
3,App\Models\Entities\AdminUser,1799
2,App\Models\Entities\AdminUser,1800
3,App\Models\Entities\AdminUser,1801
2,App\Models\Entities\AdminUser,1802
3,App\Models\Entities\AdminUser,1803
2,App\Models\Entities\AdminUser,1804
3,App\Models\Entities\AdminUser,1805
2,App\Models\Entities\AdminUser,1806
3,App\Models\Entities\AdminUser,1807
2,App\Models\Entities\AdminUser,1808
3,App\Models\Entities\AdminUser,1809
2,App\Models\Entities\AdminUser,1810
3,App\Models\Entities\AdminUser,1811
2,App\Models\Entities\AdminUser,1812
3,App\Models\Entities\AdminUser,1813
2,App\Models\Entities\AdminUser,1814
3,App\Models\Entities\AdminUser,1815
2,App\Models\Entities\AdminUser,1816
3,App\Models\Entities\AdminUser,1817
2,App\Models\Entities\AdminUser,1818
3,App\Models\Entities\AdminUser,1819
2,App\Models\Entities\AdminUser,1820
3,App\Models\Entities\AdminUser,1821
2,App\Models\Entities\AdminUser,1822
3,App\Models\Entities\AdminUser,1823
2,App\Models\Entities\AdminUser,1824
3,App\Models\Entities\AdminUser,1825
2,App\Models\Entities\AdminUser,1826
3,App\Models\Entities\AdminUser,1827
2,App\Models\Entities\AdminUser,1828
3,App\Models\Entities\AdminUser,1829
2,App\Models\Entities\AdminUser,1830
3,App\Models\Entities\AdminUser,1831
2,App\Models\Entities\AdminUser,1832
3,App\Models\Entities\AdminUser,1833
2,App\Models\Entities\AdminUser,1834
3,App\Models\Entities\AdminUser,1835
2,App\Models\Entities\AdminUser,1836
3,App\Models\Entities\AdminUser,1837
2,App\Models\Entities\AdminUser,1838
3,App\Models\Entities\AdminUser,1839
2,App\Models\Entities\AdminUser,1840
3,App\Models\Entities\AdminUser,1841
2,App\Models\Entities\AdminUser,1842
3,App\Models\Entities\AdminUser,1843
2,App\Models\Entities\AdminUser,1844
3,App\Models\Entities\AdminUser,1845
2,App\Models\Entities\AdminUser,1846
3,App\Models\Entities\AdminUser,1847
2,App\Models\Entities\AdminUser,1848
3,App\Models\Entities\AdminUser,1849
2,App\Models\Entities\AdminUser,1850
3,App\Models\Entities\AdminUser,1851
2,App\Models\Entities\AdminUser,1852
3,App\Models\Entities\AdminUser,1853
2,App\Models\Entities\AdminUser,1854
3,App\Models\Entities\AdminUser,1855
2,App\Models\Entities\AdminUser,1856
3,App\Models\Entities\AdminUser,1857
2,App\Models\Entities\AdminUser,1858
3,App\Models\Entities\AdminUser,1859
2,App\Models\Entities\AdminUser,1860
3,App\Models\Entities\AdminUser,1861
2,App\Models\Entities\AdminUser,1862
3,App\Models\Entities\AdminUser,1863
2,App\Models\Entities\AdminUser,1864
3,App\Models\Entities\AdminUser,1865
2,App\Models\Entities\AdminUser,1866
3,App\Models\Entities\AdminUser,1867
2,App\Models\Entities\AdminUser,1868
3,App\Models\Entities\AdminUser,1869
2,App\Models\Entities\AdminUser,1870
3,App\Models\Entities\AdminUser,1871
2,App\Models\Entities\AdminUser,1872
3,App\Models\Entities\AdminUser,1873
2,App\Models\Entities\AdminUser,1874
3,App\Models\Entities\AdminUser,1875
2,App\Models\Entities\AdminUser,1876
3,App\Models\Entities\AdminUser,1877
2,App\Models\Entities\AdminUser,1878
3,App\Models\Entities\AdminUser,1879
2,App\Models\Entities\AdminUser,1880
3,App\Models\Entities\AdminUser,1881
2,App\Models\Entities\AdminUser,1882
3,App\Models\Entities\AdminUser,1883
2,App\Models\Entities\AdminUser,1884
3,App\Models\Entities\AdminUser,1885
2,App\Models\Entities\AdminUser,1886
3,App\Models\Entities\AdminUser,1887
2,App\Models\Entities\AdminUser,1888
3,App\Models\Entities\AdminUser,1889
2,App\Models\Entities\AdminUser,1890
3,App\Models\Entities\AdminUser,1891
2,App\Models\Entities\AdminUser,1892
3,App\Models\Entities\AdminUser,1893
2,App\Models\Entities\AdminUser,1894
3,App\Models\Entities\AdminUser,1895
2,App\Models\Entities\AdminUser,1896
3,App\Models\Entities\AdminUser,1897
2,App\Models\Entities\AdminUser,1898
3,App\Models\Entities\AdminUser,1899
2,App\Models\Entities\AdminUser,1900
3,App\Models\Entities\AdminUser,1901
2,App\Models\Entities\AdminUser,1902
3,App\Models\Entities\AdminUser,1903
2,App\Models\Entities\AdminUser,1904
3,App\Models\Entities\AdminUser,1905
2,App\Models\Entities\AdminUser,1906
3,App\Models\Entities\AdminUser,1907
2,App\Models\Entities\AdminUser,1908
3,App\Models\Entities\AdminUser,1909
2,App\Models\Entities\AdminUser,1910
3,App\Models\Entities\AdminUser,1911
2,App\Models\Entities\AdminUser,1912
3,App\Models\Entities\AdminUser,1913
2,App\Models\Entities\AdminUser,1914
3,App\Models\Entities\AdminUser,1915
2,App\Models\Entities\AdminUser,1916
3,App\Models\Entities\AdminUser,1917
2,App\Models\Entities\AdminUser,1918
3,App\Models\Entities\AdminUser,1919
2,App\Models\Entities\AdminUser,1920
3,App\Models\Entities\AdminUser,1921
2,App\Models\Entities\AdminUser,1922
3,App\Models\Entities\AdminUser,1923
2,App\Models\Entities\AdminUser,1924
3,App\Models\Entities\AdminUser,1925
2,App\Models\Entities\AdminUser,1926
3,App\Models\Entities\AdminUser,1927
2,App\Models\Entities\AdminUser,1928
3,App\Models\Entities\AdminUser,1929
2,App\Models\Entities\AdminUser,1930
3,App\Models\Entities\AdminUser,1931
2,App\Models\Entities\AdminUser,1932
3,App\Models\Entities\AdminUser,1933
2,App\Models\Entities\AdminUser,1934
3,App\Models\Entities\AdminUser,1935
2,App\Models\Entities\AdminUser,1936
3,App\Models\Entities\AdminUser,1937
2,App\Models\Entities\AdminUser,1938
3,App\Models\Entities\AdminUser,1939
2,App\Models\Entities\AdminUser,1940
3,App\Models\Entities\AdminUser,1941
2,App\Models\Entities\AdminUser,1942
3,App\Models\Entities\AdminUser,1943
2,App\Models\Entities\AdminUser,1944
3,App\Models\Entities\AdminUser,1945
2,App\Models\Entities\AdminUser,1946
3,App\Models\Entities\AdminUser,1947
2,App\Models\Entities\AdminUser,1948
3,App\Models\Entities\AdminUser,1949
2,App\Models\Entities\AdminUser,1950
3,App\Models\Entities\AdminUser,1951
2,App\Models\Entities\AdminUser,1952
3,App\Models\Entities\AdminUser,1953
2,App\Models\Entities\AdminUser,1954
3,App\Models\Entities\AdminUser,1955
2,App\Models\Entities\AdminUser,1956
3,App\Models\Entities\AdminUser,1957
2,App\Models\Entities\AdminUser,1958
3,App\Models\Entities\AdminUser,1959
2,App\Models\Entities\AdminUser,1960
3,App\Models\Entities\AdminUser,1961
2,App\Models\Entities\AdminUser,1962
3,App\Models\Entities\AdminUser,1963
2,App\Models\Entities\AdminUser,1964
3,App\Models\Entities\AdminUser,1965
2,App\Models\Entities\AdminUser,1966
3,App\Models\Entities\AdminUser,1967
2,App\Models\Entities\AdminUser,1968
3,App\Models\Entities\AdminUser,1969
2,App\Models\Entities\AdminUser,1970
3,App\Models\Entities\AdminUser,1971
2,App\Models\Entities\AdminUser,1972
3,App\Models\Entities\AdminUser,1973
2,App\Models\Entities\AdminUser,1974
3,App\Models\Entities\AdminUser,1975
2,App\Models\Entities\AdminUser,1976
3,App\Models\Entities\AdminUser,1977
2,App\Models\Entities\AdminUser,1978
3,App\Models\Entities\AdminUser,1979
2,App\Models\Entities\AdminUser,1980
3,App\Models\Entities\AdminUser,1981
2,App\Models\Entities\AdminUser,1982
3,App\Models\Entities\AdminUser,1983
2,App\Models\Entities\AdminUser,1984
3,App\Models\Entities\AdminUser,1985
2,App\Models\Entities\AdminUser,1986
3,App\Models\Entities\AdminUser,1987
2,App\Models\Entities\AdminUser,1988
3,App\Models\Entities\AdminUser,1989
2,App\Models\Entities\AdminUser,1990
3,App\Models\Entities\AdminUser,1991
2,App\Models\Entities\AdminUser,1992
3,App\Models\Entities\AdminUser,1993
2,App\Models\Entities\AdminUser,1994
3,App\Models\Entities\AdminUser,1995
2,App\Models\Entities\AdminUser,1996
3,App\Models\Entities\AdminUser,1997
2,App\Models\Entities\AdminUser,1998
3,App\Models\Entities\AdminUser,1999
2,App\Models\Entities\AdminUser,2000
3,App\Models\Entities\AdminUser,2001
2,App\Models\Entities\AdminUser,2002
3,App\Models\Entities\AdminUser,2003
2,App\Models\Entities\AdminUser,2004
3,App\Models\Entities\AdminUser,2005
2,App\Models\Entities\AdminUser,2006
3,App\Models\Entities\AdminUser,2007
2,App\Models\Entities\AdminUser,2008
3,App\Models\Entities\AdminUser,2009
2,App\Models\Entities\AdminUser,2010
3,App\Models\Entities\AdminUser,2011
2,App\Models\Entities\AdminUser,2012
3,App\Models\Entities\AdminUser,2013
2,App\Models\Entities\AdminUser,2014
3,App\Models\Entities\AdminUser,2015
2,App\Models\Entities\AdminUser,2016
3,App\Models\Entities\AdminUser,2017
2,App\Models\Entities\AdminUser,2018
3,App\Models\Entities\AdminUser,2019
2,App\Models\Entities\AdminUser,2020
3,App\Models\Entities\AdminUser,2021
2,App\Models\Entities\AdminUser,2022
3,App\Models\Entities\AdminUser,2023
2,App\Models\Entities\AdminUser,2024
3,App\Models\Entities\AdminUser,2025
2,App\Models\Entities\AdminUser,2026
3,App\Models\Entities\AdminUser,2027
2,App\Models\Entities\AdminUser,2028
3,App\Models\Entities\AdminUser,2029
2,App\Models\Entities\AdminUser,2030
3,App\Models\Entities\AdminUser,2031
2,App\Models\Entities\AdminUser,2032
3,App\Models\Entities\AdminUser,2033
2,App\Models\Entities\AdminUser,2034
3,App\Models\Entities\AdminUser,2035
2,App\Models\Entities\AdminUser,2036
3,App\Models\Entities\AdminUser,2037
2,App\Models\Entities\AdminUser,2038
3,App\Models\Entities\AdminUser,2039
2,App\Models\Entities\AdminUser,2040
3,App\Models\Entities\AdminUser,2041
2,App\Models\Entities\AdminUser,2042
3,App\Models\Entities\AdminUser,2043
2,App\Models\Entities\AdminUser,2044
3,App\Models\Entities\AdminUser,2045
2,App\Models\Entities\AdminUser,2046
3,App\Models\Entities\AdminUser,2047
2,App\Models\Entities\AdminUser,2048
3,App\Models\Entities\AdminUser,2049
2,App\Models\Entities\AdminUser,2050
3,App\Models\Entities\AdminUser,2051
2,App\Models\Entities\AdminUser,2052
3,App\Models\Entities\AdminUser,2053
2,App\Models\Entities\AdminUser,2054
3,App\Models\Entities\AdminUser,2055
2,App\Models\Entities\AdminUser,2056
3,App\Models\Entities\AdminUser,2057
2,App\Models\Entities\AdminUser,2058
3,App\Models\Entities\AdminUser,2059
2,App\Models\Entities\AdminUser,2060
3,App\Models\Entities\AdminUser,2061
2,App\Models\Entities\AdminUser,2062
3,App\Models\Entities\AdminUser,2063
2,App\Models\Entities\AdminUser,2064
3,App\Models\Entities\AdminUser,2065
2,App\Models\Entities\AdminUser,2066
3,App\Models\Entities\AdminUser,2067
2,App\Models\Entities\AdminUser,2068
3,App\Models\Entities\AdminUser,2069
2,App\Models\Entities\AdminUser,2070
3,App\Models\Entities\AdminUser,2071
2,App\Models\Entities\AdminUser,2072
3,App\Models\Entities\AdminUser,2073
2,App\Models\Entities\AdminUser,2074
3,App\Models\Entities\AdminUser,2075
2,App\Models\Entities\AdminUser,2076
3,App\Models\Entities\AdminUser,2077
2,App\Models\Entities\AdminUser,2078
3,App\Models\Entities\AdminUser,2079
2,App\Models\Entities\AdminUser,2080
3,App\Models\Entities\AdminUser,2081
2,App\Models\Entities\AdminUser,2082
3,App\Models\Entities\AdminUser,2083
2,App\Models\Entities\AdminUser,2084
3,App\Models\Entities\AdminUser,2085
2,App\Models\Entities\AdminUser,2086
3,App\Models\Entities\AdminUser,2087
2,App\Models\Entities\AdminUser,2088
3,App\Models\Entities\AdminUser,2089
2,App\Models\Entities\AdminUser,2090
3,App\Models\Entities\AdminUser,2091
2,App\Models\Entities\AdminUser,2092
3,App\Models\Entities\AdminUser,2093
2,App\Models\Entities\AdminUser,2094
3,App\Models\Entities\AdminUser,2095
2,App\Models\Entities\AdminUser,2096
3,App\Models\Entities\AdminUser,2097
2,App\Models\Entities\AdminUser,2098
3,App\Models\Entities\AdminUser,2099
2,App\Models\Entities\AdminUser,2100
3,App\Models\Entities\AdminUser,2101
2,App\Models\Entities\AdminUser,2102
3,App\Models\Entities\AdminUser,2103
2,App\Models\Entities\AdminUser,2104
3,App\Models\Entities\AdminUser,2105
2,App\Models\Entities\AdminUser,2106
3,App\Models\Entities\AdminUser,2107
2,App\Models\Entities\AdminUser,2108
3,App\Models\Entities\AdminUser,2109
2,App\Models\Entities\AdminUser,2110
3,App\Models\Entities\AdminUser,2111
2,App\Models\Entities\AdminUser,2112
3,App\Models\Entities\AdminUser,2113
2,App\Models\Entities\AdminUser,2114
3,App\Models\Entities\AdminUser,2115
2,App\Models\Entities\AdminUser,2116
3,App\Models\Entities\AdminUser,2117
2,App\Models\Entities\AdminUser,2118
3,App\Models\Entities\AdminUser,2119
2,App\Models\Entities\AdminUser,2120
3,App\Models\Entities\AdminUser,2121
2,App\Models\Entities\AdminUser,2122
3,App\Models\Entities\AdminUser,2123
2,App\Models\Entities\AdminUser,2124
3,App\Models\Entities\AdminUser,2125
2,App\Models\Entities\AdminUser,2126
3,App\Models\Entities\AdminUser,2127
2,App\Models\Entities\AdminUser,2128
3,App\Models\Entities\AdminUser,2129
2,App\Models\Entities\AdminUser,2130
3,App\Models\Entities\AdminUser,2131
2,App\Models\Entities\AdminUser,2132
3,App\Models\Entities\AdminUser,2133
2,App\Models\Entities\AdminUser,2134
3,App\Models\Entities\AdminUser,2135
2,App\Models\Entities\AdminUser,2136
3,App\Models\Entities\AdminUser,2137
2,App\Models\Entities\AdminUser,2138
3,App\Models\Entities\AdminUser,2139
2,App\Models\Entities\AdminUser,2140
3,App\Models\Entities\AdminUser,2141
2,App\Models\Entities\AdminUser,2142
3,App\Models\Entities\AdminUser,2143
2,App\Models\Entities\AdminUser,2144
3,App\Models\Entities\AdminUser,2145
2,App\Models\Entities\AdminUser,2146
3,App\Models\Entities\AdminUser,2147
2,App\Models\Entities\AdminUser,2148
3,App\Models\Entities\AdminUser,2149
2,App\Models\Entities\AdminUser,2150
3,App\Models\Entities\AdminUser,2151
2,App\Models\Entities\AdminUser,2152
3,App\Models\Entities\AdminUser,2153
2,App\Models\Entities\AdminUser,2154
3,App\Models\Entities\AdminUser,2155
2,App\Models\Entities\AdminUser,2156
3,App\Models\Entities\AdminUser,2157
2,App\Models\Entities\AdminUser,2158
3,App\Models\Entities\AdminUser,2159
2,App\Models\Entities\AdminUser,2160
3,App\Models\Entities\AdminUser,2161
2,App\Models\Entities\AdminUser,2162
3,App\Models\Entities\AdminUser,2163
2,App\Models\Entities\AdminUser,2164
3,App\Models\Entities\AdminUser,2165
2,App\Models\Entities\AdminUser,2166
3,App\Models\Entities\AdminUser,2167
2,App\Models\Entities\AdminUser,2168
3,App\Models\Entities\AdminUser,2169
2,App\Models\Entities\AdminUser,2170
3,App\Models\Entities\AdminUser,2171
2,App\Models\Entities\AdminUser,2172
3,App\Models\Entities\AdminUser,2173
2,App\Models\Entities\AdminUser,2174
3,App\Models\Entities\AdminUser,2175
2,App\Models\Entities\AdminUser,2176
3,App\Models\Entities\AdminUser,2177
2,App\Models\Entities\AdminUser,2178
3,App\Models\Entities\AdminUser,2179
2,App\Models\Entities\AdminUser,2180
3,App\Models\Entities\AdminUser,2181
2,App\Models\Entities\AdminUser,2182
3,App\Models\Entities\AdminUser,2183
2,App\Models\Entities\AdminUser,2184
3,App\Models\Entities\AdminUser,2185
2,App\Models\Entities\AdminUser,2186
3,App\Models\Entities\AdminUser,2187
2,App\Models\Entities\AdminUser,2188
3,App\Models\Entities\AdminUser,2189
2,App\Models\Entities\AdminUser,2190
3,App\Models\Entities\AdminUser,2191
2,App\Models\Entities\AdminUser,2192
3,App\Models\Entities\AdminUser,2193
2,App\Models\Entities\AdminUser,2194
3,App\Models\Entities\AdminUser,2195
2,App\Models\Entities\AdminUser,2196
3,App\Models\Entities\AdminUser,2197
2,App\Models\Entities\AdminUser,2198
3,App\Models\Entities\AdminUser,2199
2,App\Models\Entities\AdminUser,2200
3,App\Models\Entities\AdminUser,2201
2,App\Models\Entities\AdminUser,2202
3,App\Models\Entities\AdminUser,2203
2,App\Models\Entities\AdminUser,2204
3,App\Models\Entities\AdminUser,2205
2,App\Models\Entities\AdminUser,2206
3,App\Models\Entities\AdminUser,2207
2,App\Models\Entities\AdminUser,2208
3,App\Models\Entities\AdminUser,2209
2,App\Models\Entities\AdminUser,2210
3,App\Models\Entities\AdminUser,2211
2,App\Models\Entities\AdminUser,2212
3,App\Models\Entities\AdminUser,2213
2,App\Models\Entities\AdminUser,2214